CREATE TABLE SIS_COURSES (
  termId varchar(255) NOT NULL,
  courseId varchar(255) NOT NULL,
  studentId varchar(255) NOT NULL,
  PRIMARY KEY (termId, courseId, studentId)
);

CREATE TABLE HR_PEOPLE (
  id varchar(255) NOT NULL,
  surname varchar(255) default NULL,
  givenName varchar(255) default NULL,
  PRIMARY KEY (id)
);

CREATE TABLE HR_PEOPLE_ROLES (
  id varchar(255) NOT NULL,
  role varchar(255) NOT NULL,
  PRIMARY KEY (id, role)
);

INSERT INTO HR_PEOPLE(id, surname, givenName) VALUES ('80000001','Grady','Mark');
INSERT INTO HR_PEOPLE(id, surname, givenName) VALUES ('80000002','Langenberg','Maddie');
INSERT INTO HR_PEOPLE_ROLES(id, role) VALUES ('80000002','faculty');
INSERT INTO SIS_COURSES (termId, courseId, studentId) VALUES ('201810','ACCT101','80000002');
INSERT INTO SIS_COURSES (termId, courseId, studentId) VALUES ('201810','MATH100','80000002');
INSERT INTO SIS_COURSES (termId, courseId, studentId) VALUES ('201810','SCI123','80000002');
INSERT INTO SIS_COURSES (termId, courseId, studentId) VALUES ('201810','ENGL201','80000002');
INSERT INTO HR_PEOPLE(id, surname, givenName) VALUES ('80000003','Gasper','Bill');
INSERT INTO HR_PEOPLE_ROLES(id, role) VALUES ('80000003','community');
INSERT INTO HR_PEOPLE(id, surname, givenName) VALUES ('80000004','Smith','Kim');
INSERT INTO HR_PEOPLE_ROLES(id, role) VALUES ('80000004','community');
INSERT INTO HR_PEOPLE(id, surname, givenName) VALUES ('80000005','Davis','Jo');
INSERT INTO HR_PEOPLE_ROLES(id, role) VALUES ('80000005','staff');
INSERT INTO HR_PEOPLE(id, surname, givenName) VALUES ('80000006','Davis','Lori');
INSERT INTO HR_PEOPLE_ROLES(id, role) VALUES ('80000006','faculty');
INSERT INTO HR_PEOPLE_ROLES(id, role) VALUES ('80000006','staff');
INSERT INTO SIS_COURSES (termId, courseId, studentId) VALUES ('201810','ACCT201','80000006');
INSERT INTO SIS_COURSES (termId, courseId, studentId) VALUES ('201810','ENGL102','80000006');
INSERT INTO SIS_COURSES (termId, courseId, studentId) VALUES ('201810','CS251','80000006');
INSERT INTO SIS_COURSES (termId, courseId, studentId) VALUES ('201810','CS252','80000006');
INSERT INTO HR_PEOPLE(id, surname, givenName) VALUES ('80000007','Walters','Ava');
INSERT INTO HR_PEOPLE_ROLES(id, role) VALUES ('80000007','student');
INSERT INTO SIS_COURSES (termId, courseId, studentId) VALUES ('201810','CS252','80000007');
INSERT INTO SIS_COURSES (termId, courseId, studentId) VALUES ('201810','HIST101','80000007');
INSERT INTO SIS_COURSES (termId, courseId, studentId) VALUES ('201810','ENGL102','80000007');
INSERT INTO SIS_COURSES (termId, courseId, studentId) VALUES ('201810','ACCT101','80000007');
INSERT INTO HR_PEOPLE(id, surname, givenName) VALUES ('80000008','Doe','Megan');
INSERT INTO HR_PEOPLE_ROLES(id, role) VALUES ('80000008','community');
INSERT INTO HR_PEOPLE(id, surname, givenName) VALUES ('80000009','Martinez','Mary');
INSERT INTO HR_PEOPLE_ROLES(id, role) VALUES ('80000009','community');
INSERT INTO HR_PEOPLE_ROLES(id, role) VALUES ('80000009','faculty');
INSERT INTO SIS_COURSES (termId, courseId, studentId) VALUES ('201810','HIST101','80000009');
INSERT INTO HR_PEOPLE(id, surname, givenName) VALUES ('80000010','Nielson','Heather');
INSERT INTO HR_PEOPLE_ROLES(id, role) VALUES ('80000010','staff');
INSERT INTO HR_PEOPLE_ROLES(id, role) VALUES ('80000010','community');
INSERT INTO HR_PEOPLE(id, surname, givenName) VALUES ('80000011','Peterson','Heather');
INSERT INTO HR_PEOPLE_ROLES(id, role) VALUES ('80000011','community');
INSERT INTO HR_PEOPLE(id, surname, givenName) VALUES ('80000012','Walters','Kiersten');
INSERT INTO HR_PEOPLE_ROLES(id, role) VALUES ('80000012','faculty');
INSERT INTO HR_PEOPLE_ROLES(id, role) VALUES ('80000012','community');
INSERT INTO SIS_COURSES (termId, courseId, studentId) VALUES ('201810','HIST101','80000012');
INSERT INTO SIS_COURSES (termId, courseId, studentId) VALUES ('201810','ACCT201','80000012');
INSERT INTO HR_PEOPLE(id, surname, givenName) VALUES ('80000013','Butler','Bill');
INSERT INTO HR_PEOPLE_ROLES(id, role) VALUES ('80000013','staff');
INSERT INTO HR_PEOPLE_ROLES(id, role) VALUES ('80000013','community');
INSERT INTO HR_PEOPLE(id, surname, givenName) VALUES ('80000014','Anderson','Jennifer');
INSERT INTO HR_PEOPLE_ROLES(id, role) VALUES ('80000014','staff');
INSERT INTO HR_PEOPLE_ROLES(id, role) VALUES ('80000014','community');
INSERT INTO HR_PEOPLE(id, surname, givenName) VALUES ('80000015','Morrison','James');
INSERT INTO HR_PEOPLE_ROLES(id, role) VALUES ('80000015','student');
INSERT INTO SIS_COURSES (termId, courseId, studentId) VALUES ('201810','SCI404','80000015');
INSERT INTO SIS_COURSES (termId, courseId, studentId) VALUES ('201810','CS252','80000015');
INSERT INTO SIS_COURSES (termId, courseId, studentId) VALUES ('201810','ENGL102','80000015');
INSERT INTO SIS_COURSES (termId, courseId, studentId) VALUES ('201810','CS251','80000015');
INSERT INTO HR_PEOPLE(id, surname, givenName) VALUES ('80000016','Vales','Colin');
INSERT INTO HR_PEOPLE_ROLES(id, role) VALUES ('80000016','student');
INSERT INTO SIS_COURSES (termId, courseId, studentId) VALUES ('201810','MATH100','80000016');
INSERT INTO HR_PEOPLE(id, surname, givenName) VALUES ('80000017','Davis','Robert');
INSERT INTO HR_PEOPLE_ROLES(id, role) VALUES ('80000017','staff');
INSERT INTO HR_PEOPLE_ROLES(id, role) VALUES ('80000017','student');
INSERT INTO SIS_COURSES (termId, courseId, studentId) VALUES ('201810','HIST101','80000017');
INSERT INTO SIS_COURSES (termId, courseId, studentId) VALUES ('201810','MATH100','80000017');
INSERT INTO SIS_COURSES (termId, courseId, studentId) VALUES ('201810','ENGL101','80000017');
INSERT INTO SIS_COURSES (termId, courseId, studentId) VALUES ('201810','HIST102','80000017');
INSERT INTO HR_PEOPLE(id, surname, givenName) VALUES ('80000018','Martinez','Jim');
INSERT INTO HR_PEOPLE_ROLES(id, role) VALUES ('80000018','student');
INSERT INTO SIS_COURSES (termId, courseId, studentId) VALUES ('201810','ENGL201','80000018');
INSERT INTO HR_PEOPLE(id, surname, givenName) VALUES ('80000019','Doe','Sophia');
INSERT INTO HR_PEOPLE_ROLES(id, role) VALUES ('80000019','staff');
INSERT INTO HR_PEOPLE(id, surname, givenName) VALUES ('80000020','Nielson','Sarah');
INSERT INTO HR_PEOPLE_ROLES(id, role) VALUES ('80000020','staff');
INSERT INTO HR_PEOPLE_ROLES(id, role) VALUES ('80000020','student');
INSERT INTO SIS_COURSES (termId, courseId, studentId) VALUES ('201810','ENGL102','80000020');
INSERT INTO SIS_COURSES (termId, courseId, studentId) VALUES ('201810','ENGL101','80000020');
INSERT INTO HR_PEOPLE(id, surname, givenName) VALUES ('80000021','Scott','Eric');
INSERT INTO HR_PEOPLE_ROLES(id, role) VALUES ('80000021','student');
INSERT INTO SIS_COURSES (termId, courseId, studentId) VALUES ('201810','ENGL101','80000021');
INSERT INTO SIS_COURSES (termId, courseId, studentId) VALUES ('201810','ACCT201','80000021');
INSERT INTO SIS_COURSES (termId, courseId, studentId) VALUES ('201810','HIST101','80000021');
INSERT INTO SIS_COURSES (termId, courseId, studentId) VALUES ('201810','ENGL201','80000021');
INSERT INTO HR_PEOPLE(id, surname, givenName) VALUES ('80000022','Scott','Maddie');
INSERT INTO HR_PEOPLE_ROLES(id, role) VALUES ('80000022','staff');
INSERT INTO HR_PEOPLE(id, surname, givenName) VALUES ('80000023','Morrison','Christopher');
INSERT INTO HR_PEOPLE_ROLES(id, role) VALUES ('80000023','community');
INSERT INTO HR_PEOPLE_ROLES(id, role) VALUES ('80000023','faculty');
INSERT INTO SIS_COURSES (termId, courseId, studentId) VALUES ('201810','CS251','80000023');
INSERT INTO SIS_COURSES (termId, courseId, studentId) VALUES ('201810','MATH101','80000023');
INSERT INTO SIS_COURSES (termId, courseId, studentId) VALUES ('201810','SCI123','80000023');
INSERT INTO SIS_COURSES (termId, courseId, studentId) VALUES ('201810','SCI404','80000023');
INSERT INTO HR_PEOPLE(id, surname, givenName) VALUES ('80000024','Nielson','Nancy');
INSERT INTO HR_PEOPLE_ROLES(id, role) VALUES ('80000024','student');
INSERT INTO HR_PEOPLE_ROLES(id, role) VALUES ('80000024','staff');
INSERT INTO SIS_COURSES (termId, courseId, studentId) VALUES ('201810','ACCT201','80000024');
INSERT INTO SIS_COURSES (termId, courseId, studentId) VALUES ('201810','HIST102','80000024');
INSERT INTO HR_PEOPLE(id, surname, givenName) VALUES ('80000025','Walters','Jennifer');
INSERT INTO HR_PEOPLE_ROLES(id, role) VALUES ('80000025','community');
INSERT INTO HR_PEOPLE(id, surname, givenName) VALUES ('80000026','Butler','Steve');
INSERT INTO HR_PEOPLE_ROLES(id, role) VALUES ('80000026','staff');
INSERT INTO HR_PEOPLE(id, surname, givenName) VALUES ('80000027','Doe','Donna');
INSERT INTO HR_PEOPLE_ROLES(id, role) VALUES ('80000027','student');
INSERT INTO SIS_COURSES (termId, courseId, studentId) VALUES ('201810','SCI404','80000027');
INSERT INTO SIS_COURSES (termId, courseId, studentId) VALUES ('201810','ACCT201','80000027');
INSERT INTO SIS_COURSES (termId, courseId, studentId) VALUES ('201810','CS252','80000027');
INSERT INTO SIS_COURSES (termId, courseId, studentId) VALUES ('201810','ENGL102','80000027');
INSERT INTO HR_PEOPLE(id, surname, givenName) VALUES ('80000028','Gasper','Christopher');
INSERT INTO HR_PEOPLE(id, surname, givenName) VALUES ('80000029','Thompson','Colin');
INSERT INTO HR_PEOPLE_ROLES(id, role) VALUES ('80000029','staff');
INSERT INTO HR_PEOPLE_ROLES(id, role) VALUES ('80000029','community');
INSERT INTO HR_PEOPLE(id, surname, givenName) VALUES ('80000030','Clark','Sophia');
INSERT INTO HR_PEOPLE_ROLES(id, role) VALUES ('80000030','community');
INSERT INTO HR_PEOPLE_ROLES(id, role) VALUES ('80000030','student');
INSERT INTO SIS_COURSES (termId, courseId, studentId) VALUES ('201810','ACCT101','80000030');
INSERT INTO HR_PEOPLE(id, surname, givenName) VALUES ('80000031','Anderson','Robert');
INSERT INTO HR_PEOPLE(id, surname, givenName) VALUES ('80000032','Martinez','Lisa');
INSERT INTO HR_PEOPLE_ROLES(id, role) VALUES ('80000032','student');
INSERT INTO SIS_COURSES (termId, courseId, studentId) VALUES ('201810','SCI404','80000032');
INSERT INTO SIS_COURSES (termId, courseId, studentId) VALUES ('201810','ENGL102','80000032');
INSERT INTO SIS_COURSES (termId, courseId, studentId) VALUES ('201810','HIST102','80000032');
INSERT INTO SIS_COURSES (termId, courseId, studentId) VALUES ('201810','CS251','80000032');
INSERT INTO HR_PEOPLE(id, surname, givenName) VALUES ('80000033','Langenberg','Mark');
INSERT INTO HR_PEOPLE_ROLES(id, role) VALUES ('80000033','faculty');
INSERT INTO SIS_COURSES (termId, courseId, studentId) VALUES ('201810','ENGL102','80000033');
INSERT INTO SIS_COURSES (termId, courseId, studentId) VALUES ('201810','HIST102','80000033');
INSERT INTO SIS_COURSES (termId, courseId, studentId) VALUES ('201810','ACCT101','80000033');
INSERT INTO HR_PEOPLE(id, surname, givenName) VALUES ('80000034','Anderson','Sophia');
INSERT INTO HR_PEOPLE_ROLES(id, role) VALUES ('80000034','community');
INSERT INTO HR_PEOPLE(id, surname, givenName) VALUES ('80000035','Morrison','Lisa');
INSERT INTO HR_PEOPLE_ROLES(id, role) VALUES ('80000035','staff');
INSERT INTO HR_PEOPLE_ROLES(id, role) VALUES ('80000035','student');
INSERT INTO SIS_COURSES (termId, courseId, studentId) VALUES ('201810','HIST102','80000035');
INSERT INTO SIS_COURSES (termId, courseId, studentId) VALUES ('201810','MATH101','80000035');
INSERT INTO SIS_COURSES (termId, courseId, studentId) VALUES ('201810','SCI123','80000035');
INSERT INTO SIS_COURSES (termId, courseId, studentId) VALUES ('201810','MATH100','80000035');
INSERT INTO HR_PEOPLE(id, surname, givenName) VALUES ('80000036','Brown','Donna');
INSERT INTO HR_PEOPLE(id, surname, givenName) VALUES ('80000037','Henderson','Anna');
INSERT INTO HR_PEOPLE_ROLES(id, role) VALUES ('80000037','staff');
INSERT INTO HR_PEOPLE_ROLES(id, role) VALUES ('80000037','student');
INSERT INTO SIS_COURSES (termId, courseId, studentId) VALUES ('201810','ACCT201','80000037');
INSERT INTO HR_PEOPLE(id, surname, givenName) VALUES ('80000038','Peterson','Colin');
INSERT INTO HR_PEOPLE_ROLES(id, role) VALUES ('80000038','faculty');
INSERT INTO HR_PEOPLE_ROLES(id, role) VALUES ('80000038','student');
INSERT INTO SIS_COURSES (termId, courseId, studentId) VALUES ('201810','ACCT201','80000038');
INSERT INTO SIS_COURSES (termId, courseId, studentId) VALUES ('201810','HIST101','80000038');
INSERT INTO HR_PEOPLE(id, surname, givenName) VALUES ('80000039','Henderson','Paul');
INSERT INTO HR_PEOPLE_ROLES(id, role) VALUES ('80000039','faculty');
INSERT INTO SIS_COURSES (termId, courseId, studentId) VALUES ('201810','ACCT101','80000039');
INSERT INTO SIS_COURSES (termId, courseId, studentId) VALUES ('201810','ENGL102','80000039');
INSERT INTO SIS_COURSES (termId, courseId, studentId) VALUES ('201810','ENGL201','80000039');
INSERT INTO SIS_COURSES (termId, courseId, studentId) VALUES ('201810','ENGL101','80000039');
INSERT INTO HR_PEOPLE(id, surname, givenName) VALUES ('80000040','Clark','John');
INSERT INTO HR_PEOPLE_ROLES(id, role) VALUES ('80000040','faculty');
INSERT INTO SIS_COURSES (termId, courseId, studentId) VALUES ('201810','MATH100','80000040');
INSERT INTO HR_PEOPLE(id, surname, givenName) VALUES ('80000041','Butler','Thomas');
INSERT INTO HR_PEOPLE_ROLES(id, role) VALUES ('80000041','student');
INSERT INTO SIS_COURSES (termId, courseId, studentId) VALUES ('201810','CS251','80000041');
INSERT INTO SIS_COURSES (termId, courseId, studentId) VALUES ('201810','HIST102','80000041');
INSERT INTO HR_PEOPLE(id, surname, givenName) VALUES ('80000042','Brown','Blake');
INSERT INTO HR_PEOPLE(id, surname, givenName) VALUES ('80000043','Morrison','Amber');
INSERT INTO HR_PEOPLE_ROLES(id, role) VALUES ('80000043','student');
INSERT INTO HR_PEOPLE_ROLES(id, role) VALUES ('80000043','staff');
INSERT INTO SIS_COURSES (termId, courseId, studentId) VALUES ('201810','ENGL101','80000043');
INSERT INTO SIS_COURSES (termId, courseId, studentId) VALUES ('201810','ENGL102','80000043');
INSERT INTO SIS_COURSES (termId, courseId, studentId) VALUES ('201810','ACCT201','80000043');
INSERT INTO SIS_COURSES (termId, courseId, studentId) VALUES ('201810','HIST101','80000043');
INSERT INTO HR_PEOPLE(id, surname, givenName) VALUES ('80000044','Lewis','Karl');
INSERT INTO HR_PEOPLE_ROLES(id, role) VALUES ('80000044','staff');
INSERT INTO HR_PEOPLE(id, surname, givenName) VALUES ('80000045','Morrison','Steve');
INSERT INTO HR_PEOPLE_ROLES(id, role) VALUES ('80000045','student');
INSERT INTO SIS_COURSES (termId, courseId, studentId) VALUES ('201810','HIST102','80000045');
INSERT INTO SIS_COURSES (termId, courseId, studentId) VALUES ('201810','HIST101','80000045');
INSERT INTO SIS_COURSES (termId, courseId, studentId) VALUES ('201810','ENGL201','80000045');
INSERT INTO SIS_COURSES (termId, courseId, studentId) VALUES ('201810','CS251','80000045');
INSERT INTO HR_PEOPLE(id, surname, givenName) VALUES ('80000046','Walters','Andrew');
INSERT INTO HR_PEOPLE_ROLES(id, role) VALUES ('80000046','staff');
INSERT INTO HR_PEOPLE_ROLES(id, role) VALUES ('80000046','community');
INSERT INTO HR_PEOPLE(id, surname, givenName) VALUES ('80000047','Morrison','Jeremy');
INSERT INTO HR_PEOPLE(id, surname, givenName) VALUES ('80000048','Clark','Madison');
INSERT INTO HR_PEOPLE_ROLES(id, role) VALUES ('80000048','faculty');
INSERT INTO SIS_COURSES (termId, courseId, studentId) VALUES ('201810','HIST101','80000048');
INSERT INTO SIS_COURSES (termId, courseId, studentId) VALUES ('201810','MATH101','80000048');
INSERT INTO HR_PEOPLE(id, surname, givenName) VALUES ('80000049','Smith','John');
INSERT INTO HR_PEOPLE_ROLES(id, role) VALUES ('80000049','faculty');
INSERT INTO HR_PEOPLE_ROLES(id, role) VALUES ('80000049','staff');
INSERT INTO SIS_COURSES (termId, courseId, studentId) VALUES ('201810','MATH100','80000049');
INSERT INTO SIS_COURSES (termId, courseId, studentId) VALUES ('201810','ENGL102','80000049');
INSERT INTO HR_PEOPLE(id, surname, givenName) VALUES ('80000050','Walters','Robert');
INSERT INTO HR_PEOPLE(id, surname, givenName) VALUES ('80000051','Davis','Jo');
INSERT INTO HR_PEOPLE_ROLES(id, role) VALUES ('80000051','student');
INSERT INTO HR_PEOPLE_ROLES(id, role) VALUES ('80000051','community');
INSERT INTO SIS_COURSES (termId, courseId, studentId) VALUES ('201810','ACCT201','80000051');
INSERT INTO HR_PEOPLE(id, surname, givenName) VALUES ('80000052','Nielson','Ann');
INSERT INTO HR_PEOPLE_ROLES(id, role) VALUES ('80000052','community');
INSERT INTO HR_PEOPLE(id, surname, givenName) VALUES ('80000053','Henderson','Jeremy');
INSERT INTO HR_PEOPLE_ROLES(id, role) VALUES ('80000053','faculty');
INSERT INTO SIS_COURSES (termId, courseId, studentId) VALUES ('201810','ENGL201','80000053');
INSERT INTO SIS_COURSES (termId, courseId, studentId) VALUES ('201810','CS252','80000053');
INSERT INTO HR_PEOPLE(id, surname, givenName) VALUES ('80000054','Vales','Christina');
INSERT INTO HR_PEOPLE_ROLES(id, role) VALUES ('80000054','community');
INSERT INTO HR_PEOPLE_ROLES(id, role) VALUES ('80000054','student');
INSERT INTO SIS_COURSES (termId, courseId, studentId) VALUES ('201810','ENGL102','80000054');
INSERT INTO SIS_COURSES (termId, courseId, studentId) VALUES ('201810','CS252','80000054');
INSERT INTO SIS_COURSES (termId, courseId, studentId) VALUES ('201810','ENGL201','80000054');
INSERT INTO SIS_COURSES (termId, courseId, studentId) VALUES ('201810','ACCT101','80000054');
INSERT INTO HR_PEOPLE(id, surname, givenName) VALUES ('80000055','Lee','Thomas');
INSERT INTO HR_PEOPLE_ROLES(id, role) VALUES ('80000055','student');
INSERT INTO SIS_COURSES (termId, courseId, studentId) VALUES ('201810','ENGL201','80000055');
INSERT INTO SIS_COURSES (termId, courseId, studentId) VALUES ('201810','ENGL102','80000055');
INSERT INTO SIS_COURSES (termId, courseId, studentId) VALUES ('201810','MATH100','80000055');
INSERT INTO SIS_COURSES (termId, courseId, studentId) VALUES ('201810','ACCT201','80000055');
INSERT INTO HR_PEOPLE(id, surname, givenName) VALUES ('80000056','Roberts','Ann');
INSERT INTO HR_PEOPLE_ROLES(id, role) VALUES ('80000056','faculty');
INSERT INTO SIS_COURSES (termId, courseId, studentId) VALUES ('201810','HIST102','80000056');
INSERT INTO HR_PEOPLE(id, surname, givenName) VALUES ('80000057','Peterson','Madison');
INSERT INTO HR_PEOPLE_ROLES(id, role) VALUES ('80000057','student');
INSERT INTO SIS_COURSES (termId, courseId, studentId) VALUES ('201810','MATH101','80000057');
INSERT INTO SIS_COURSES (termId, courseId, studentId) VALUES ('201810','ENGL102','80000057');
INSERT INTO HR_PEOPLE(id, surname, givenName) VALUES ('80000058','Martinez','Olivia');
INSERT INTO HR_PEOPLE(id, surname, givenName) VALUES ('80000059','Johnson','Michael');
INSERT INTO HR_PEOPLE_ROLES(id, role) VALUES ('80000059','student');
INSERT INTO SIS_COURSES (termId, courseId, studentId) VALUES ('201810','MATH101','80000059');
INSERT INTO HR_PEOPLE(id, surname, givenName) VALUES ('80000060','Davis','Nancy');
INSERT INTO HR_PEOPLE_ROLES(id, role) VALUES ('80000060','faculty');
INSERT INTO SIS_COURSES (termId, courseId, studentId) VALUES ('201810','CS252','80000060');
INSERT INTO SIS_COURSES (termId, courseId, studentId) VALUES ('201810','CS251','80000060');
INSERT INTO SIS_COURSES (termId, courseId, studentId) VALUES ('201810','MATH100','80000060');
INSERT INTO SIS_COURSES (termId, courseId, studentId) VALUES ('201810','ACCT101','80000060');
INSERT INTO HR_PEOPLE(id, surname, givenName) VALUES ('80000061','Walters','Olivia');
INSERT INTO HR_PEOPLE_ROLES(id, role) VALUES ('80000061','community');
INSERT INTO HR_PEOPLE_ROLES(id, role) VALUES ('80000061','faculty');
INSERT INTO SIS_COURSES (termId, courseId, studentId) VALUES ('201810','SCI404','80000061');
INSERT INTO SIS_COURSES (termId, courseId, studentId) VALUES ('201810','ACCT201','80000061');
INSERT INTO SIS_COURSES (termId, courseId, studentId) VALUES ('201810','ENGL102','80000061');
INSERT INTO SIS_COURSES (termId, courseId, studentId) VALUES ('201810','ENGL101','80000061');
INSERT INTO HR_PEOPLE(id, surname, givenName) VALUES ('80000062','Thompson','Paul');
INSERT INTO HR_PEOPLE_ROLES(id, role) VALUES ('80000062','staff');
INSERT INTO HR_PEOPLE(id, surname, givenName) VALUES ('80000063','Brown','Kiersten');
INSERT INTO HR_PEOPLE_ROLES(id, role) VALUES ('80000063','staff');
INSERT INTO HR_PEOPLE(id, surname, givenName) VALUES ('80000064','Peterson','Thomas');
INSERT INTO HR_PEOPLE_ROLES(id, role) VALUES ('80000064','staff');
INSERT INTO HR_PEOPLE_ROLES(id, role) VALUES ('80000064','community');
INSERT INTO HR_PEOPLE(id, surname, givenName) VALUES ('80000065','Johnson','Paul');
INSERT INTO HR_PEOPLE_ROLES(id, role) VALUES ('80000065','faculty');
INSERT INTO SIS_COURSES (termId, courseId, studentId) VALUES ('201810','MATH100','80000065');
INSERT INTO HR_PEOPLE(id, surname, givenName) VALUES ('80000066','Smith','Blake');
INSERT INTO HR_PEOPLE_ROLES(id, role) VALUES ('80000066','staff');
INSERT INTO HR_PEOPLE(id, surname, givenName) VALUES ('80000067','Brown','Sarah');
INSERT INTO HR_PEOPLE(id, surname, givenName) VALUES ('80000068','Roberts','Jennifer');
INSERT INTO HR_PEOPLE_ROLES(id, role) VALUES ('80000068','community');
INSERT INTO HR_PEOPLE_ROLES(id, role) VALUES ('80000068','faculty');
INSERT INTO SIS_COURSES (termId, courseId, studentId) VALUES ('201810','SCI123','80000068');
INSERT INTO SIS_COURSES (termId, courseId, studentId) VALUES ('201810','ENGL101','80000068');
INSERT INTO SIS_COURSES (termId, courseId, studentId) VALUES ('201810','CS251','80000068');
INSERT INTO SIS_COURSES (termId, courseId, studentId) VALUES ('201810','CS252','80000068');
INSERT INTO HR_PEOPLE(id, surname, givenName) VALUES ('80000069','Thompson','Lexi');
INSERT INTO HR_PEOPLE_ROLES(id, role) VALUES ('80000069','staff');
INSERT INTO HR_PEOPLE(id, surname, givenName) VALUES ('80000070','Henderson','Olivia');
INSERT INTO HR_PEOPLE_ROLES(id, role) VALUES ('80000070','community');
INSERT INTO HR_PEOPLE(id, surname, givenName) VALUES ('80000071','Price','Blake');
INSERT INTO HR_PEOPLE_ROLES(id, role) VALUES ('80000071','staff');
INSERT INTO HR_PEOPLE(id, surname, givenName) VALUES ('80000072','Walters','Heather');
INSERT INTO HR_PEOPLE_ROLES(id, role) VALUES ('80000072','student');
INSERT INTO SIS_COURSES (termId, courseId, studentId) VALUES ('201810','CS252','80000072');
INSERT INTO SIS_COURSES (termId, courseId, studentId) VALUES ('201810','CS251','80000072');
INSERT INTO SIS_COURSES (termId, courseId, studentId) VALUES ('201810','MATH100','80000072');
INSERT INTO SIS_COURSES (termId, courseId, studentId) VALUES ('201810','ENGL201','80000072');
INSERT INTO HR_PEOPLE(id, surname, givenName) VALUES ('80000073','Price','David');
INSERT INTO HR_PEOPLE_ROLES(id, role) VALUES ('80000073','faculty');
INSERT INTO SIS_COURSES (termId, courseId, studentId) VALUES ('201810','SCI404','80000073');
INSERT INTO SIS_COURSES (termId, courseId, studentId) VALUES ('201810','CS251','80000073');
INSERT INTO SIS_COURSES (termId, courseId, studentId) VALUES ('201810','ENGL201','80000073');
INSERT INTO HR_PEOPLE(id, surname, givenName) VALUES ('80000074','Lee','Emma');
INSERT INTO HR_PEOPLE_ROLES(id, role) VALUES ('80000074','community');
INSERT INTO HR_PEOPLE_ROLES(id, role) VALUES ('80000074','student');
INSERT INTO SIS_COURSES (termId, courseId, studentId) VALUES ('201810','ACCT201','80000074');
INSERT INTO HR_PEOPLE(id, surname, givenName) VALUES ('80000075','Roberts','Nancy');
INSERT INTO HR_PEOPLE_ROLES(id, role) VALUES ('80000075','faculty');
INSERT INTO HR_PEOPLE_ROLES(id, role) VALUES ('80000075','staff');
INSERT INTO SIS_COURSES (termId, courseId, studentId) VALUES ('201810','SCI123','80000075');
INSERT INTO SIS_COURSES (termId, courseId, studentId) VALUES ('201810','HIST102','80000075');
INSERT INTO SIS_COURSES (termId, courseId, studentId) VALUES ('201810','CS252','80000075');
INSERT INTO SIS_COURSES (termId, courseId, studentId) VALUES ('201810','ACCT201','80000075');
INSERT INTO HR_PEOPLE(id, surname, givenName) VALUES ('80000076','Martinez','Michael');
INSERT INTO HR_PEOPLE_ROLES(id, role) VALUES ('80000076','staff');
INSERT INTO HR_PEOPLE(id, surname, givenName) VALUES ('80000077','Vales','Kim');
INSERT INTO HR_PEOPLE_ROLES(id, role) VALUES ('80000077','community');
INSERT INTO HR_PEOPLE(id, surname, givenName) VALUES ('80000078','Scott','Maddie');
INSERT INTO HR_PEOPLE_ROLES(id, role) VALUES ('80000078','faculty');
INSERT INTO SIS_COURSES (termId, courseId, studentId) VALUES ('201810','ENGL201','80000078');
INSERT INTO HR_PEOPLE(id, surname, givenName) VALUES ('80000079','Davis','Karl');
INSERT INTO HR_PEOPLE_ROLES(id, role) VALUES ('80000079','faculty');
INSERT INTO SIS_COURSES (termId, courseId, studentId) VALUES ('201810','ENGL101','80000079');
INSERT INTO SIS_COURSES (termId, courseId, studentId) VALUES ('201810','SCI404','80000079');
INSERT INTO SIS_COURSES (termId, courseId, studentId) VALUES ('201810','HIST101','80000079');
INSERT INTO SIS_COURSES (termId, courseId, studentId) VALUES ('201810','MATH100','80000079');
INSERT INTO HR_PEOPLE(id, surname, givenName) VALUES ('80000080','Grady','Karl');
INSERT INTO HR_PEOPLE_ROLES(id, role) VALUES ('80000080','community');
INSERT INTO HR_PEOPLE(id, surname, givenName) VALUES ('80000081','Langenberg','Jo');
INSERT INTO HR_PEOPLE_ROLES(id, role) VALUES ('80000081','student');
INSERT INTO SIS_COURSES (termId, courseId, studentId) VALUES ('201810','SCI123','80000081');
INSERT INTO HR_PEOPLE(id, surname, givenName) VALUES ('80000082','Clark','Marie');
INSERT INTO HR_PEOPLE(id, surname, givenName) VALUES ('80000083','Thompson','Greg');
INSERT INTO HR_PEOPLE_ROLES(id, role) VALUES ('80000083','student');
INSERT INTO SIS_COURSES (termId, courseId, studentId) VALUES ('201810','SCI123','80000083');
INSERT INTO HR_PEOPLE(id, surname, givenName) VALUES ('80000084','Grady','Jeremy');
INSERT INTO HR_PEOPLE_ROLES(id, role) VALUES ('80000084','staff');
INSERT INTO HR_PEOPLE(id, surname, givenName) VALUES ('80000085','Williams','William');
INSERT INTO HR_PEOPLE_ROLES(id, role) VALUES ('80000085','community');
INSERT INTO HR_PEOPLE(id, surname, givenName) VALUES ('80000086','Doe','Maddie');
INSERT INTO HR_PEOPLE_ROLES(id, role) VALUES ('80000086','faculty');
INSERT INTO SIS_COURSES (termId, courseId, studentId) VALUES ('201810','ENGL201','80000086');
INSERT INTO SIS_COURSES (termId, courseId, studentId) VALUES ('201810','ACCT201','80000086');
INSERT INTO HR_PEOPLE(id, surname, givenName) VALUES ('80000087','Lewis','Emma');
INSERT INTO HR_PEOPLE_ROLES(id, role) VALUES ('80000087','student');
INSERT INTO HR_PEOPLE_ROLES(id, role) VALUES ('80000087','faculty');
INSERT INTO SIS_COURSES (termId, courseId, studentId) VALUES ('201810','ACCT201','80000087');
INSERT INTO SIS_COURSES (termId, courseId, studentId) VALUES ('201810','MATH100','80000087');
INSERT INTO SIS_COURSES (termId, courseId, studentId) VALUES ('201810','CS251','80000087');
INSERT INTO HR_PEOPLE(id, surname, givenName) VALUES ('80000088','Walters','Karoline');
INSERT INTO HR_PEOPLE_ROLES(id, role) VALUES ('80000088','staff');
INSERT INTO HR_PEOPLE(id, surname, givenName) VALUES ('80000089','Lee','Robert');
INSERT INTO HR_PEOPLE_ROLES(id, role) VALUES ('80000089','faculty');
INSERT INTO SIS_COURSES (termId, courseId, studentId) VALUES ('201810','ACCT201','80000089');
INSERT INTO HR_PEOPLE(id, surname, givenName) VALUES ('80000090','Williams','David');
INSERT INTO HR_PEOPLE_ROLES(id, role) VALUES ('80000090','student');
INSERT INTO SIS_COURSES (termId, courseId, studentId) VALUES ('201810','SCI404','80000090');
INSERT INTO HR_PEOPLE(id, surname, givenName) VALUES ('80000091','Roberts','Mary');
INSERT INTO HR_PEOPLE_ROLES(id, role) VALUES ('80000091','student');
INSERT INTO SIS_COURSES (termId, courseId, studentId) VALUES ('201810','CS252','80000091');
INSERT INTO SIS_COURSES (termId, courseId, studentId) VALUES ('201810','ACCT101','80000091');
INSERT INTO SIS_COURSES (termId, courseId, studentId) VALUES ('201810','SCI404','80000091');
INSERT INTO SIS_COURSES (termId, courseId, studentId) VALUES ('201810','ENGL102','80000091');
INSERT INTO HR_PEOPLE(id, surname, givenName) VALUES ('80000092','Morrison','Donna');
INSERT INTO HR_PEOPLE_ROLES(id, role) VALUES ('80000092','faculty');
INSERT INTO SIS_COURSES (termId, courseId, studentId) VALUES ('201810','ENGL101','80000092');
INSERT INTO SIS_COURSES (termId, courseId, studentId) VALUES ('201810','ENGL102','80000092');
INSERT INTO SIS_COURSES (termId, courseId, studentId) VALUES ('201810','ACCT201','80000092');
INSERT INTO SIS_COURSES (termId, courseId, studentId) VALUES ('201810','MATH101','80000092');
INSERT INTO HR_PEOPLE(id, surname, givenName) VALUES ('80000093','Gonazles','Erik');
INSERT INTO HR_PEOPLE_ROLES(id, role) VALUES ('80000093','student');
INSERT INTO SIS_COURSES (termId, courseId, studentId) VALUES ('201810','MATH101','80000093');
INSERT INTO SIS_COURSES (termId, courseId, studentId) VALUES ('201810','CS251','80000093');
INSERT INTO HR_PEOPLE(id, surname, givenName) VALUES ('80000094','Scott','Paul');
INSERT INTO HR_PEOPLE_ROLES(id, role) VALUES ('80000094','student');
INSERT INTO SIS_COURSES (termId, courseId, studentId) VALUES ('201810','CS252','80000094');
INSERT INTO SIS_COURSES (termId, courseId, studentId) VALUES ('201810','CS251','80000094');
INSERT INTO HR_PEOPLE(id, surname, givenName) VALUES ('80000095','Grady','Ann');
INSERT INTO HR_PEOPLE_ROLES(id, role) VALUES ('80000095','student');
INSERT INTO HR_PEOPLE_ROLES(id, role) VALUES ('80000095','community');
INSERT INTO SIS_COURSES (termId, courseId, studentId) VALUES ('201810','CS252','80000095');
INSERT INTO HR_PEOPLE(id, surname, givenName) VALUES ('80000096','Roberts','Andrew');
INSERT INTO HR_PEOPLE_ROLES(id, role) VALUES ('80000096','staff');
INSERT INTO HR_PEOPLE(id, surname, givenName) VALUES ('80000097','Anderson','Betty');
INSERT INTO HR_PEOPLE_ROLES(id, role) VALUES ('80000097','student');
INSERT INTO SIS_COURSES (termId, courseId, studentId) VALUES ('201810','CS251','80000097');
INSERT INTO HR_PEOPLE(id, surname, givenName) VALUES ('80000098','Peterson','Christopher');
INSERT INTO HR_PEOPLE(id, surname, givenName) VALUES ('80000099','Williams','Donna');
INSERT INTO HR_PEOPLE_ROLES(id, role) VALUES ('80000099','faculty');
INSERT INTO HR_PEOPLE_ROLES(id, role) VALUES ('80000099','student');
INSERT INTO SIS_COURSES (termId, courseId, studentId) VALUES ('201810','SCI404','80000099');
INSERT INTO SIS_COURSES (termId, courseId, studentId) VALUES ('201810','CS252','80000099');
INSERT INTO SIS_COURSES (termId, courseId, studentId) VALUES ('201810','MATH100','80000099');
INSERT INTO HR_PEOPLE(id, surname, givenName) VALUES ('80000100','Vales','Colin');
INSERT INTO HR_PEOPLE_ROLES(id, role) VALUES ('80000100','faculty');
INSERT INTO SIS_COURSES (termId, courseId, studentId) VALUES ('201810','ENGL101','80000100');
INSERT INTO SIS_COURSES (termId, courseId, studentId) VALUES ('201810','ACCT201','80000100');
INSERT INTO SIS_COURSES (termId, courseId, studentId) VALUES ('201810','CS251','80000100');
INSERT INTO HR_PEOPLE(id, surname, givenName) VALUES ('80000101','Langenberg','Jo');
INSERT INTO HR_PEOPLE_ROLES(id, role) VALUES ('80000101','staff');
INSERT INTO HR_PEOPLE_ROLES(id, role) VALUES ('80000101','faculty');
INSERT INTO SIS_COURSES (termId, courseId, studentId) VALUES ('201810','HIST101','80000101');
INSERT INTO SIS_COURSES (termId, courseId, studentId) VALUES ('201810','ACCT101','80000101');
INSERT INTO HR_PEOPLE(id, surname, givenName) VALUES ('80000102','Nielson','William');
INSERT INTO HR_PEOPLE_ROLES(id, role) VALUES ('80000102','community');
INSERT INTO HR_PEOPLE_ROLES(id, role) VALUES ('80000102','student');
INSERT INTO SIS_COURSES (termId, courseId, studentId) VALUES ('201810','SCI123','80000102');
INSERT INTO SIS_COURSES (termId, courseId, studentId) VALUES ('201810','ENGL201','80000102');
INSERT INTO SIS_COURSES (termId, courseId, studentId) VALUES ('201810','SCI404','80000102');
INSERT INTO SIS_COURSES (termId, courseId, studentId) VALUES ('201810','ACCT101','80000102');
INSERT INTO HR_PEOPLE(id, surname, givenName) VALUES ('80000103','White','Amber');
INSERT INTO HR_PEOPLE_ROLES(id, role) VALUES ('80000103','community');
INSERT INTO HR_PEOPLE(id, surname, givenName) VALUES ('80000104','Scott','Nancy');
INSERT INTO HR_PEOPLE_ROLES(id, role) VALUES ('80000104','staff');
INSERT INTO HR_PEOPLE(id, surname, givenName) VALUES ('80000105','Nielson','Erik');
INSERT INTO HR_PEOPLE_ROLES(id, role) VALUES ('80000105','community');
INSERT INTO HR_PEOPLE(id, surname, givenName) VALUES ('80000106','Henderson','Ann');
INSERT INTO HR_PEOPLE_ROLES(id, role) VALUES ('80000106','community');
INSERT INTO HR_PEOPLE_ROLES(id, role) VALUES ('80000106','student');
INSERT INTO SIS_COURSES (termId, courseId, studentId) VALUES ('201810','MATH100','80000106');
INSERT INTO SIS_COURSES (termId, courseId, studentId) VALUES ('201810','ACCT101','80000106');
INSERT INTO HR_PEOPLE(id, surname, givenName) VALUES ('80000107','Nielson','Madison');
INSERT INTO HR_PEOPLE_ROLES(id, role) VALUES ('80000107','student');
INSERT INTO SIS_COURSES (termId, courseId, studentId) VALUES ('201810','SCI123','80000107');
INSERT INTO SIS_COURSES (termId, courseId, studentId) VALUES ('201810','MATH101','80000107');
INSERT INTO SIS_COURSES (termId, courseId, studentId) VALUES ('201810','MATH100','80000107');
INSERT INTO HR_PEOPLE(id, surname, givenName) VALUES ('80000108','Davis','Steve');
INSERT INTO HR_PEOPLE_ROLES(id, role) VALUES ('80000108','community');
INSERT INTO HR_PEOPLE(id, surname, givenName) VALUES ('80000109','Price','Jo');
INSERT INTO HR_PEOPLE_ROLES(id, role) VALUES ('80000109','staff');
INSERT INTO HR_PEOPLE(id, surname, givenName) VALUES ('80000110','Henderson','Megan');
INSERT INTO HR_PEOPLE_ROLES(id, role) VALUES ('80000110','staff');
INSERT INTO HR_PEOPLE(id, surname, givenName) VALUES ('80000111','Walters','Ava');
INSERT INTO HR_PEOPLE_ROLES(id, role) VALUES ('80000111','faculty');
INSERT INTO SIS_COURSES (termId, courseId, studentId) VALUES ('201810','ACCT101','80000111');
INSERT INTO SIS_COURSES (termId, courseId, studentId) VALUES ('201810','SCI404','80000111');
INSERT INTO SIS_COURSES (termId, courseId, studentId) VALUES ('201810','CS251','80000111');
INSERT INTO HR_PEOPLE(id, surname, givenName) VALUES ('80000112','Vales','Jennifer');
INSERT INTO HR_PEOPLE_ROLES(id, role) VALUES ('80000112','community');
INSERT INTO HR_PEOPLE(id, surname, givenName) VALUES ('80000113','Lopez','Robert');
INSERT INTO HR_PEOPLE(id, surname, givenName) VALUES ('80000114','Lee','Robert');
INSERT INTO HR_PEOPLE(id, surname, givenName) VALUES ('80000115','Clark','Maddie');
INSERT INTO HR_PEOPLE_ROLES(id, role) VALUES ('80000115','student');
INSERT INTO HR_PEOPLE_ROLES(id, role) VALUES ('80000115','community');
INSERT INTO SIS_COURSES (termId, courseId, studentId) VALUES ('201810','CS252','80000115');
INSERT INTO SIS_COURSES (termId, courseId, studentId) VALUES ('201810','MATH100','80000115');
INSERT INTO SIS_COURSES (termId, courseId, studentId) VALUES ('201810','ENGL101','80000115');
INSERT INTO SIS_COURSES (termId, courseId, studentId) VALUES ('201810','MATH101','80000115');
INSERT INTO HR_PEOPLE(id, surname, givenName) VALUES ('80000116','Grady','Blake');
INSERT INTO HR_PEOPLE_ROLES(id, role) VALUES ('80000116','community');
INSERT INTO HR_PEOPLE(id, surname, givenName) VALUES ('80000117','Peterson','Greg');
INSERT INTO HR_PEOPLE_ROLES(id, role) VALUES ('80000117','student');
INSERT INTO SIS_COURSES (termId, courseId, studentId) VALUES ('201810','CS251','80000117');
INSERT INTO HR_PEOPLE(id, surname, givenName) VALUES ('80000118','Vales','John');
INSERT INTO HR_PEOPLE_ROLES(id, role) VALUES ('80000118','staff');
INSERT INTO HR_PEOPLE_ROLES(id, role) VALUES ('80000118','student');
INSERT INTO SIS_COURSES (termId, courseId, studentId) VALUES ('201810','ENGL101','80000118');
INSERT INTO SIS_COURSES (termId, courseId, studentId) VALUES ('201810','MATH100','80000118');
INSERT INTO SIS_COURSES (termId, courseId, studentId) VALUES ('201810','ACCT101','80000118');
INSERT INTO SIS_COURSES (termId, courseId, studentId) VALUES ('201810','ACCT201','80000118');
INSERT INTO HR_PEOPLE(id, surname, givenName) VALUES ('80000119','Grady','Greg');
INSERT INTO HR_PEOPLE_ROLES(id, role) VALUES ('80000119','community');
INSERT INTO HR_PEOPLE(id, surname, givenName) VALUES ('80000120','Grady','Lexi');
INSERT INTO HR_PEOPLE_ROLES(id, role) VALUES ('80000120','community');
INSERT INTO HR_PEOPLE(id, surname, givenName) VALUES ('80000121','Gasper','Jeremy');
INSERT INTO HR_PEOPLE_ROLES(id, role) VALUES ('80000121','staff');
INSERT INTO HR_PEOPLE_ROLES(id, role) VALUES ('80000121','community');
INSERT INTO HR_PEOPLE(id, surname, givenName) VALUES ('80000122','Roberts','Lori');
INSERT INTO HR_PEOPLE_ROLES(id, role) VALUES ('80000122','student');
INSERT INTO SIS_COURSES (termId, courseId, studentId) VALUES ('201810','CS251','80000122');
INSERT INTO SIS_COURSES (termId, courseId, studentId) VALUES ('201810','CS252','80000122');
INSERT INTO SIS_COURSES (termId, courseId, studentId) VALUES ('201810','ACCT101','80000122');
INSERT INTO SIS_COURSES (termId, courseId, studentId) VALUES ('201810','SCI404','80000122');
INSERT INTO HR_PEOPLE(id, surname, givenName) VALUES ('80000123','Grady','Marie');
INSERT INTO HR_PEOPLE(id, surname, givenName) VALUES ('80000124','Butler','Jeremy');
INSERT INTO HR_PEOPLE_ROLES(id, role) VALUES ('80000124','faculty');
INSERT INTO HR_PEOPLE_ROLES(id, role) VALUES ('80000124','student');
INSERT INTO SIS_COURSES (termId, courseId, studentId) VALUES ('201810','HIST101','80000124');
INSERT INTO HR_PEOPLE(id, surname, givenName) VALUES ('80000125','Gasper','Jennifer');
INSERT INTO HR_PEOPLE_ROLES(id, role) VALUES ('80000125','faculty');
INSERT INTO SIS_COURSES (termId, courseId, studentId) VALUES ('201810','ACCT201','80000125');
INSERT INTO SIS_COURSES (termId, courseId, studentId) VALUES ('201810','ACCT101','80000125');
INSERT INTO SIS_COURSES (termId, courseId, studentId) VALUES ('201810','MATH101','80000125');
INSERT INTO SIS_COURSES (termId, courseId, studentId) VALUES ('201810','SCI123','80000125');
INSERT INTO HR_PEOPLE(id, surname, givenName) VALUES ('80000126','Butler','Andrew');
INSERT INTO HR_PEOPLE_ROLES(id, role) VALUES ('80000126','faculty');
INSERT INTO SIS_COURSES (termId, courseId, studentId) VALUES ('201810','ENGL101','80000126');
INSERT INTO SIS_COURSES (termId, courseId, studentId) VALUES ('201810','MATH101','80000126');
INSERT INTO HR_PEOPLE(id, surname, givenName) VALUES ('80000127','Williams','Nancy');
INSERT INTO HR_PEOPLE_ROLES(id, role) VALUES ('80000127','student');
INSERT INTO SIS_COURSES (termId, courseId, studentId) VALUES ('201810','SCI404','80000127');
INSERT INTO SIS_COURSES (termId, courseId, studentId) VALUES ('201810','MATH101','80000127');
INSERT INTO HR_PEOPLE(id, surname, givenName) VALUES ('80000128','Martinez','Emma');
INSERT INTO HR_PEOPLE_ROLES(id, role) VALUES ('80000128','community');
INSERT INTO HR_PEOPLE_ROLES(id, role) VALUES ('80000128','student');
INSERT INTO SIS_COURSES (termId, courseId, studentId) VALUES ('201810','MATH100','80000128');
INSERT INTO SIS_COURSES (termId, courseId, studentId) VALUES ('201810','HIST101','80000128');
INSERT INTO SIS_COURSES (termId, courseId, studentId) VALUES ('201810','ACCT201','80000128');
INSERT INTO SIS_COURSES (termId, courseId, studentId) VALUES ('201810','CS251','80000128');
INSERT INTO HR_PEOPLE(id, surname, givenName) VALUES ('80000129','Davis','Eric');
INSERT INTO HR_PEOPLE_ROLES(id, role) VALUES ('80000129','student');
INSERT INTO SIS_COURSES (termId, courseId, studentId) VALUES ('201810','SCI123','80000129');
INSERT INTO SIS_COURSES (termId, courseId, studentId) VALUES ('201810','HIST101','80000129');
INSERT INTO SIS_COURSES (termId, courseId, studentId) VALUES ('201810','CS251','80000129');
INSERT INTO SIS_COURSES (termId, courseId, studentId) VALUES ('201810','ACCT201','80000129');
INSERT INTO HR_PEOPLE(id, surname, givenName) VALUES ('80000130','Roberts','Steve');
INSERT INTO HR_PEOPLE_ROLES(id, role) VALUES ('80000130','community');
INSERT INTO HR_PEOPLE(id, surname, givenName) VALUES ('80000131','Nielson','John');
INSERT INTO HR_PEOPLE_ROLES(id, role) VALUES ('80000131','staff');
INSERT INTO HR_PEOPLE_ROLES(id, role) VALUES ('80000131','student');
INSERT INTO SIS_COURSES (termId, courseId, studentId) VALUES ('201810','MATH101','80000131');
INSERT INTO HR_PEOPLE(id, surname, givenName) VALUES ('80000132','White','Ann');
INSERT INTO HR_PEOPLE_ROLES(id, role) VALUES ('80000132','community');
INSERT INTO HR_PEOPLE(id, surname, givenName) VALUES ('80000133','Brown','Ava');
INSERT INTO HR_PEOPLE_ROLES(id, role) VALUES ('80000133','community');
INSERT INTO HR_PEOPLE_ROLES(id, role) VALUES ('80000133','student');
INSERT INTO SIS_COURSES (termId, courseId, studentId) VALUES ('201810','CS252','80000133');
INSERT INTO SIS_COURSES (termId, courseId, studentId) VALUES ('201810','HIST101','80000133');
INSERT INTO HR_PEOPLE(id, surname, givenName) VALUES ('80000134','Martinez','Madison');
INSERT INTO HR_PEOPLE_ROLES(id, role) VALUES ('80000134','faculty');
INSERT INTO HR_PEOPLE_ROLES(id, role) VALUES ('80000134','staff');
INSERT INTO SIS_COURSES (termId, courseId, studentId) VALUES ('201810','MATH101','80000134');
INSERT INTO HR_PEOPLE(id, surname, givenName) VALUES ('80000135','Anderson','Sarah');
INSERT INTO HR_PEOPLE_ROLES(id, role) VALUES ('80000135','student');
INSERT INTO SIS_COURSES (termId, courseId, studentId) VALUES ('201810','SCI123','80000135');
INSERT INTO SIS_COURSES (termId, courseId, studentId) VALUES ('201810','HIST101','80000135');
INSERT INTO SIS_COURSES (termId, courseId, studentId) VALUES ('201810','MATH100','80000135');
INSERT INTO SIS_COURSES (termId, courseId, studentId) VALUES ('201810','HIST102','80000135');
INSERT INTO HR_PEOPLE(id, surname, givenName) VALUES ('80000136','Lee','Betty');
INSERT INTO HR_PEOPLE_ROLES(id, role) VALUES ('80000136','student');
INSERT INTO HR_PEOPLE_ROLES(id, role) VALUES ('80000136','faculty');
INSERT INTO SIS_COURSES (termId, courseId, studentId) VALUES ('201810','SCI123','80000136');
INSERT INTO HR_PEOPLE(id, surname, givenName) VALUES ('80000137','Butler','Nancy');
INSERT INTO HR_PEOPLE_ROLES(id, role) VALUES ('80000137','faculty');
INSERT INTO SIS_COURSES (termId, courseId, studentId) VALUES ('201810','SCI404','80000137');
INSERT INTO SIS_COURSES (termId, courseId, studentId) VALUES ('201810','ENGL102','80000137');
INSERT INTO SIS_COURSES (termId, courseId, studentId) VALUES ('201810','HIST102','80000137');
INSERT INTO SIS_COURSES (termId, courseId, studentId) VALUES ('201810','HIST101','80000137');
INSERT INTO HR_PEOPLE(id, surname, givenName) VALUES ('80000138','Grady','Mia');
INSERT INTO HR_PEOPLE_ROLES(id, role) VALUES ('80000138','staff');
INSERT INTO HR_PEOPLE_ROLES(id, role) VALUES ('80000138','community');
INSERT INTO HR_PEOPLE(id, surname, givenName) VALUES ('80000139','Grady','Jeremy');
INSERT INTO HR_PEOPLE_ROLES(id, role) VALUES ('80000139','faculty');
INSERT INTO HR_PEOPLE_ROLES(id, role) VALUES ('80000139','student');
INSERT INTO SIS_COURSES (termId, courseId, studentId) VALUES ('201810','ACCT101','80000139');
INSERT INTO HR_PEOPLE(id, surname, givenName) VALUES ('80000140','Grady','Sophia');
INSERT INTO HR_PEOPLE_ROLES(id, role) VALUES ('80000140','staff');
INSERT INTO HR_PEOPLE_ROLES(id, role) VALUES ('80000140','community');
INSERT INTO HR_PEOPLE(id, surname, givenName) VALUES ('80000141','Brown','Bill');
INSERT INTO HR_PEOPLE_ROLES(id, role) VALUES ('80000141','staff');
INSERT INTO HR_PEOPLE(id, surname, givenName) VALUES ('80000142','Lopez','Claire');
INSERT INTO HR_PEOPLE_ROLES(id, role) VALUES ('80000142','student');
INSERT INTO SIS_COURSES (termId, courseId, studentId) VALUES ('201810','MATH101','80000142');
INSERT INTO SIS_COURSES (termId, courseId, studentId) VALUES ('201810','SCI123','80000142');
INSERT INTO HR_PEOPLE(id, surname, givenName) VALUES ('80000143','Price','Mary');
INSERT INTO HR_PEOPLE_ROLES(id, role) VALUES ('80000143','staff');
INSERT INTO HR_PEOPLE(id, surname, givenName) VALUES ('80000144','Nielson','Marie');
INSERT INTO HR_PEOPLE_ROLES(id, role) VALUES ('80000144','staff');
INSERT INTO HR_PEOPLE(id, surname, givenName) VALUES ('80000145','Williams','Mark');
INSERT INTO HR_PEOPLE(id, surname, givenName) VALUES ('80000146','White','David');
INSERT INTO HR_PEOPLE_ROLES(id, role) VALUES ('80000146','faculty');
INSERT INTO SIS_COURSES (termId, courseId, studentId) VALUES ('201810','HIST102','80000146');
INSERT INTO HR_PEOPLE(id, surname, givenName) VALUES ('80000147','Lopez','Michael');
INSERT INTO HR_PEOPLE_ROLES(id, role) VALUES ('80000147','community');
INSERT INTO HR_PEOPLE(id, surname, givenName) VALUES ('80000148','Lewis','Karl');
INSERT INTO HR_PEOPLE_ROLES(id, role) VALUES ('80000148','staff');
INSERT INTO HR_PEOPLE(id, surname, givenName) VALUES ('80000149','Vales','Christina');
INSERT INTO HR_PEOPLE(id, surname, givenName) VALUES ('80000150','Roberts','Megan');
INSERT INTO HR_PEOPLE_ROLES(id, role) VALUES ('80000150','faculty');
INSERT INTO SIS_COURSES (termId, courseId, studentId) VALUES ('201810','ENGL201','80000150');
INSERT INTO SIS_COURSES (termId, courseId, studentId) VALUES ('201810','CS252','80000150');
INSERT INTO SIS_COURSES (termId, courseId, studentId) VALUES ('201810','MATH100','80000150');
INSERT INTO SIS_COURSES (termId, courseId, studentId) VALUES ('201810','CS251','80000150');
INSERT INTO HR_PEOPLE(id, surname, givenName) VALUES ('80000151','Davis','Blake');
INSERT INTO HR_PEOPLE_ROLES(id, role) VALUES ('80000151','community');
INSERT INTO HR_PEOPLE(id, surname, givenName) VALUES ('80000152','Clark','Heather');
INSERT INTO HR_PEOPLE_ROLES(id, role) VALUES ('80000152','staff');
INSERT INTO HR_PEOPLE(id, surname, givenName) VALUES ('80000153','Nielson','Jim');
INSERT INTO HR_PEOPLE_ROLES(id, role) VALUES ('80000153','faculty');
INSERT INTO HR_PEOPLE_ROLES(id, role) VALUES ('80000153','student');
INSERT INTO SIS_COURSES (termId, courseId, studentId) VALUES ('201810','SCI123','80000153');
INSERT INTO SIS_COURSES (termId, courseId, studentId) VALUES ('201810','CS251','80000153');
INSERT INTO HR_PEOPLE(id, surname, givenName) VALUES ('80000154','Peterson','Lexi');
INSERT INTO HR_PEOPLE_ROLES(id, role) VALUES ('80000154','faculty');
INSERT INTO SIS_COURSES (termId, courseId, studentId) VALUES ('201810','ENGL101','80000154');
INSERT INTO SIS_COURSES (termId, courseId, studentId) VALUES ('201810','ENGL201','80000154');
INSERT INTO SIS_COURSES (termId, courseId, studentId) VALUES ('201810','MATH101','80000154');
INSERT INTO HR_PEOPLE(id, surname, givenName) VALUES ('80000155','Vales','Mary');
INSERT INTO HR_PEOPLE_ROLES(id, role) VALUES ('80000155','staff');
INSERT INTO HR_PEOPLE(id, surname, givenName) VALUES ('80000156','Martinez','Jennifer');
INSERT INTO HR_PEOPLE_ROLES(id, role) VALUES ('80000156','staff');
INSERT INTO HR_PEOPLE_ROLES(id, role) VALUES ('80000156','student');
INSERT INTO SIS_COURSES (termId, courseId, studentId) VALUES ('201810','MATH100','80000156');
INSERT INTO SIS_COURSES (termId, courseId, studentId) VALUES ('201810','HIST102','80000156');
INSERT INTO SIS_COURSES (termId, courseId, studentId) VALUES ('201810','SCI123','80000156');
INSERT INTO SIS_COURSES (termId, courseId, studentId) VALUES ('201810','ENGL201','80000156');
INSERT INTO HR_PEOPLE(id, surname, givenName) VALUES ('80000157','Johnson','Heather');
INSERT INTO HR_PEOPLE_ROLES(id, role) VALUES ('80000157','faculty');
INSERT INTO SIS_COURSES (termId, courseId, studentId) VALUES ('201810','SCI123','80000157');
INSERT INTO SIS_COURSES (termId, courseId, studentId) VALUES ('201810','ENGL201','80000157');
INSERT INTO HR_PEOPLE(id, surname, givenName) VALUES ('80000158','Langenberg','James');
INSERT INTO HR_PEOPLE_ROLES(id, role) VALUES ('80000158','student');
INSERT INTO SIS_COURSES (termId, courseId, studentId) VALUES ('201810','ACCT201','80000158');
INSERT INTO SIS_COURSES (termId, courseId, studentId) VALUES ('201810','SCI123','80000158');
INSERT INTO SIS_COURSES (termId, courseId, studentId) VALUES ('201810','CS252','80000158');
INSERT INTO SIS_COURSES (termId, courseId, studentId) VALUES ('201810','ACCT101','80000158');
INSERT INTO HR_PEOPLE(id, surname, givenName) VALUES ('80000159','Martinez','Anna');
INSERT INTO HR_PEOPLE_ROLES(id, role) VALUES ('80000159','staff');
INSERT INTO HR_PEOPLE_ROLES(id, role) VALUES ('80000159','faculty');
INSERT INTO SIS_COURSES (termId, courseId, studentId) VALUES ('201810','MATH101','80000159');
INSERT INTO SIS_COURSES (termId, courseId, studentId) VALUES ('201810','CS252','80000159');
INSERT INTO HR_PEOPLE(id, surname, givenName) VALUES ('80000160','Clark','William');
INSERT INTO HR_PEOPLE_ROLES(id, role) VALUES ('80000160','staff');
INSERT INTO HR_PEOPLE(id, surname, givenName) VALUES ('80000161','Lopez','Andrew');
INSERT INTO HR_PEOPLE_ROLES(id, role) VALUES ('80000161','faculty');
INSERT INTO SIS_COURSES (termId, courseId, studentId) VALUES ('201810','ENGL102','80000161');
INSERT INTO SIS_COURSES (termId, courseId, studentId) VALUES ('201810','CS251','80000161');
INSERT INTO SIS_COURSES (termId, courseId, studentId) VALUES ('201810','MATH101','80000161');
INSERT INTO SIS_COURSES (termId, courseId, studentId) VALUES ('201810','SCI404','80000161');
INSERT INTO HR_PEOPLE(id, surname, givenName) VALUES ('80000162','Anderson','David');
INSERT INTO HR_PEOPLE_ROLES(id, role) VALUES ('80000162','staff');
INSERT INTO HR_PEOPLE_ROLES(id, role) VALUES ('80000162','student');
INSERT INTO SIS_COURSES (termId, courseId, studentId) VALUES ('201810','ENGL102','80000162');
INSERT INTO SIS_COURSES (termId, courseId, studentId) VALUES ('201810','SCI123','80000162');
INSERT INTO HR_PEOPLE(id, surname, givenName) VALUES ('80000163','Vales','Isabella');
INSERT INTO HR_PEOPLE_ROLES(id, role) VALUES ('80000163','student');
INSERT INTO SIS_COURSES (termId, courseId, studentId) VALUES ('201810','CS251','80000163');
INSERT INTO HR_PEOPLE(id, surname, givenName) VALUES ('80000164','Martinez','Nancy');
INSERT INTO HR_PEOPLE_ROLES(id, role) VALUES ('80000164','staff');
INSERT INTO HR_PEOPLE_ROLES(id, role) VALUES ('80000164','student');
INSERT INTO SIS_COURSES (termId, courseId, studentId) VALUES ('201810','ENGL201','80000164');
INSERT INTO SIS_COURSES (termId, courseId, studentId) VALUES ('201810','CS252','80000164');
INSERT INTO HR_PEOPLE(id, surname, givenName) VALUES ('80000165','Davis','Mark');
INSERT INTO HR_PEOPLE_ROLES(id, role) VALUES ('80000165','student');
INSERT INTO SIS_COURSES (termId, courseId, studentId) VALUES ('201810','ENGL102','80000165');
INSERT INTO SIS_COURSES (termId, courseId, studentId) VALUES ('201810','ACCT201','80000165');
INSERT INTO SIS_COURSES (termId, courseId, studentId) VALUES ('201810','HIST101','80000165');
INSERT INTO SIS_COURSES (termId, courseId, studentId) VALUES ('201810','MATH100','80000165');
INSERT INTO HR_PEOPLE(id, surname, givenName) VALUES ('80000166','Peterson','Betty');
INSERT INTO HR_PEOPLE(id, surname, givenName) VALUES ('80000167','Lopez','Debbie');
INSERT INTO HR_PEOPLE_ROLES(id, role) VALUES ('80000167','staff');
INSERT INTO HR_PEOPLE_ROLES(id, role) VALUES ('80000167','student');
INSERT INTO SIS_COURSES (termId, courseId, studentId) VALUES ('201810','CS251','80000167');
INSERT INTO SIS_COURSES (termId, courseId, studentId) VALUES ('201810','ENGL201','80000167');
INSERT INTO SIS_COURSES (termId, courseId, studentId) VALUES ('201810','HIST101','80000167');
INSERT INTO SIS_COURSES (termId, courseId, studentId) VALUES ('201810','MATH101','80000167');
INSERT INTO HR_PEOPLE(id, surname, givenName) VALUES ('80000168','Walters','Colin');
INSERT INTO HR_PEOPLE_ROLES(id, role) VALUES ('80000168','faculty');
INSERT INTO HR_PEOPLE_ROLES(id, role) VALUES ('80000168','staff');
INSERT INTO SIS_COURSES (termId, courseId, studentId) VALUES ('201810','MATH101','80000168');
INSERT INTO SIS_COURSES (termId, courseId, studentId) VALUES ('201810','ACCT101','80000168');
INSERT INTO HR_PEOPLE(id, surname, givenName) VALUES ('80000169','Gonazles','Blake');
INSERT INTO HR_PEOPLE_ROLES(id, role) VALUES ('80000169','faculty');
INSERT INTO HR_PEOPLE_ROLES(id, role) VALUES ('80000169','staff');
INSERT INTO SIS_COURSES (termId, courseId, studentId) VALUES ('201810','MATH101','80000169');
INSERT INTO SIS_COURSES (termId, courseId, studentId) VALUES ('201810','MATH100','80000169');
INSERT INTO SIS_COURSES (termId, courseId, studentId) VALUES ('201810','SCI123','80000169');
INSERT INTO HR_PEOPLE(id, surname, givenName) VALUES ('80000170','Thompson','Kim');
INSERT INTO HR_PEOPLE_ROLES(id, role) VALUES ('80000170','staff');
INSERT INTO HR_PEOPLE_ROLES(id, role) VALUES ('80000170','faculty');
INSERT INTO SIS_COURSES (termId, courseId, studentId) VALUES ('201810','SCI123','80000170');
INSERT INTO HR_PEOPLE(id, surname, givenName) VALUES ('80000171','Vales','Sarah');
INSERT INTO HR_PEOPLE_ROLES(id, role) VALUES ('80000171','faculty');
INSERT INTO SIS_COURSES (termId, courseId, studentId) VALUES ('201810','ENGL201','80000171');
INSERT INTO SIS_COURSES (termId, courseId, studentId) VALUES ('201810','SCI123','80000171');
INSERT INTO SIS_COURSES (termId, courseId, studentId) VALUES ('201810','ENGL101','80000171');
INSERT INTO SIS_COURSES (termId, courseId, studentId) VALUES ('201810','SCI404','80000171');
INSERT INTO HR_PEOPLE(id, surname, givenName) VALUES ('80000172','Gasper','Maddie');
INSERT INTO HR_PEOPLE_ROLES(id, role) VALUES ('80000172','student');
INSERT INTO SIS_COURSES (termId, courseId, studentId) VALUES ('201810','HIST101','80000172');
INSERT INTO SIS_COURSES (termId, courseId, studentId) VALUES ('201810','ENGL101','80000172');
INSERT INTO HR_PEOPLE(id, surname, givenName) VALUES ('80000173','Lee','Betty');
INSERT INTO HR_PEOPLE_ROLES(id, role) VALUES ('80000173','staff');
INSERT INTO HR_PEOPLE_ROLES(id, role) VALUES ('80000173','community');
INSERT INTO HR_PEOPLE(id, surname, givenName) VALUES ('80000174','Scott','Erik');
INSERT INTO HR_PEOPLE_ROLES(id, role) VALUES ('80000174','community');
INSERT INTO HR_PEOPLE(id, surname, givenName) VALUES ('80000175','Nielson','Eric');
INSERT INTO HR_PEOPLE_ROLES(id, role) VALUES ('80000175','student');
INSERT INTO SIS_COURSES (termId, courseId, studentId) VALUES ('201810','CS252','80000175');
INSERT INTO SIS_COURSES (termId, courseId, studentId) VALUES ('201810','MATH100','80000175');
INSERT INTO SIS_COURSES (termId, courseId, studentId) VALUES ('201810','ENGL102','80000175');
INSERT INTO SIS_COURSES (termId, courseId, studentId) VALUES ('201810','ACCT101','80000175');
INSERT INTO HR_PEOPLE(id, surname, givenName) VALUES ('80000176','Johnson','Emma');
INSERT INTO HR_PEOPLE_ROLES(id, role) VALUES ('80000176','faculty');
INSERT INTO HR_PEOPLE_ROLES(id, role) VALUES ('80000176','staff');
INSERT INTO SIS_COURSES (termId, courseId, studentId) VALUES ('201810','ENGL201','80000176');
INSERT INTO SIS_COURSES (termId, courseId, studentId) VALUES ('201810','ACCT201','80000176');
INSERT INTO HR_PEOPLE(id, surname, givenName) VALUES ('80000177','Gasper','Lori');
INSERT INTO HR_PEOPLE_ROLES(id, role) VALUES ('80000177','community');
INSERT INTO HR_PEOPLE_ROLES(id, role) VALUES ('80000177','student');
INSERT INTO SIS_COURSES (termId, courseId, studentId) VALUES ('201810','ACCT101','80000177');
INSERT INTO HR_PEOPLE(id, surname, givenName) VALUES ('80000178','Butler','Lori');
INSERT INTO HR_PEOPLE_ROLES(id, role) VALUES ('80000178','community');
INSERT INTO HR_PEOPLE_ROLES(id, role) VALUES ('80000178','student');
INSERT INTO SIS_COURSES (termId, courseId, studentId) VALUES ('201810','HIST102','80000178');
INSERT INTO SIS_COURSES (termId, courseId, studentId) VALUES ('201810','CS251','80000178');
INSERT INTO SIS_COURSES (termId, courseId, studentId) VALUES ('201810','ENGL102','80000178');
INSERT INTO SIS_COURSES (termId, courseId, studentId) VALUES ('201810','SCI123','80000178');
INSERT INTO HR_PEOPLE(id, surname, givenName) VALUES ('80000179','Peterson','John');
INSERT INTO HR_PEOPLE_ROLES(id, role) VALUES ('80000179','student');
INSERT INTO SIS_COURSES (termId, courseId, studentId) VALUES ('201810','SCI123','80000179');
INSERT INTO SIS_COURSES (termId, courseId, studentId) VALUES ('201810','ACCT201','80000179');
INSERT INTO HR_PEOPLE(id, surname, givenName) VALUES ('80000180','White','Heather');
INSERT INTO HR_PEOPLE_ROLES(id, role) VALUES ('80000180','community');
INSERT INTO HR_PEOPLE(id, surname, givenName) VALUES ('80000181','Johnson','Emma');
INSERT INTO HR_PEOPLE_ROLES(id, role) VALUES ('80000181','faculty');
INSERT INTO SIS_COURSES (termId, courseId, studentId) VALUES ('201810','ENGL102','80000181');
INSERT INTO SIS_COURSES (termId, courseId, studentId) VALUES ('201810','HIST102','80000181');
INSERT INTO SIS_COURSES (termId, courseId, studentId) VALUES ('201810','CS252','80000181');
INSERT INTO HR_PEOPLE(id, surname, givenName) VALUES ('80000182','Martinez','Olivia');
INSERT INTO HR_PEOPLE_ROLES(id, role) VALUES ('80000182','faculty');
INSERT INTO SIS_COURSES (termId, courseId, studentId) VALUES ('201810','ENGL201','80000182');
INSERT INTO SIS_COURSES (termId, courseId, studentId) VALUES ('201810','ACCT201','80000182');
INSERT INTO HR_PEOPLE(id, surname, givenName) VALUES ('80000183','Brown','Thomas');
INSERT INTO HR_PEOPLE_ROLES(id, role) VALUES ('80000183','student');
INSERT INTO HR_PEOPLE_ROLES(id, role) VALUES ('80000183','faculty');
INSERT INTO SIS_COURSES (termId, courseId, studentId) VALUES ('201810','ACCT201','80000183');
INSERT INTO SIS_COURSES (termId, courseId, studentId) VALUES ('201810','ACCT101','80000183');
INSERT INTO SIS_COURSES (termId, courseId, studentId) VALUES ('201810','ENGL102','80000183');
INSERT INTO HR_PEOPLE(id, surname, givenName) VALUES ('80000184','Thompson','Anna');
INSERT INTO HR_PEOPLE_ROLES(id, role) VALUES ('80000184','community');
INSERT INTO HR_PEOPLE_ROLES(id, role) VALUES ('80000184','staff');
INSERT INTO HR_PEOPLE(id, surname, givenName) VALUES ('80000185','Scott','Perry');
INSERT INTO HR_PEOPLE_ROLES(id, role) VALUES ('80000185','faculty');
INSERT INTO SIS_COURSES (termId, courseId, studentId) VALUES ('201810','MATH100','80000185');
INSERT INTO SIS_COURSES (termId, courseId, studentId) VALUES ('201810','ACCT101','80000185');
INSERT INTO SIS_COURSES (termId, courseId, studentId) VALUES ('201810','HIST101','80000185');
INSERT INTO HR_PEOPLE(id, surname, givenName) VALUES ('80000186','White','John');
INSERT INTO HR_PEOPLE(id, surname, givenName) VALUES ('80000187','Martinez','Jo');
INSERT INTO HR_PEOPLE(id, surname, givenName) VALUES ('80000188','Gasper','Lisa');
INSERT INTO HR_PEOPLE(id, surname, givenName) VALUES ('80000189','Anderson','Claire');
INSERT INTO HR_PEOPLE_ROLES(id, role) VALUES ('80000189','staff');
INSERT INTO HR_PEOPLE_ROLES(id, role) VALUES ('80000189','community');
INSERT INTO HR_PEOPLE(id, surname, givenName) VALUES ('80000190','Scott','Anna');
INSERT INTO HR_PEOPLE_ROLES(id, role) VALUES ('80000190','community');
INSERT INTO HR_PEOPLE_ROLES(id, role) VALUES ('80000190','student');
INSERT INTO SIS_COURSES (termId, courseId, studentId) VALUES ('201810','MATH101','80000190');
INSERT INTO SIS_COURSES (termId, courseId, studentId) VALUES ('201810','ACCT101','80000190');
INSERT INTO SIS_COURSES (termId, courseId, studentId) VALUES ('201810','HIST102','80000190');
INSERT INTO HR_PEOPLE(id, surname, givenName) VALUES ('80000191','Martinez','Mary');
INSERT INTO HR_PEOPLE(id, surname, givenName) VALUES ('80000192','Anderson','Stephanie');
INSERT INTO HR_PEOPLE_ROLES(id, role) VALUES ('80000192','faculty');
INSERT INTO HR_PEOPLE_ROLES(id, role) VALUES ('80000192','staff');
INSERT INTO SIS_COURSES (termId, courseId, studentId) VALUES ('201810','MATH101','80000192');
INSERT INTO SIS_COURSES (termId, courseId, studentId) VALUES ('201810','SCI123','80000192');
INSERT INTO SIS_COURSES (termId, courseId, studentId) VALUES ('201810','SCI404','80000192');
INSERT INTO SIS_COURSES (termId, courseId, studentId) VALUES ('201810','ENGL101','80000192');
INSERT INTO HR_PEOPLE(id, surname, givenName) VALUES ('80000193','Doe','Sarah');
INSERT INTO HR_PEOPLE_ROLES(id, role) VALUES ('80000193','faculty');
INSERT INTO SIS_COURSES (termId, courseId, studentId) VALUES ('201810','CS251','80000193');
INSERT INTO SIS_COURSES (termId, courseId, studentId) VALUES ('201810','ENGL201','80000193');
INSERT INTO SIS_COURSES (termId, courseId, studentId) VALUES ('201810','ENGL102','80000193');
INSERT INTO HR_PEOPLE(id, surname, givenName) VALUES ('80000194','Davis','Steve');
INSERT INTO HR_PEOPLE(id, surname, givenName) VALUES ('80000195','Langenberg','James');
INSERT INTO HR_PEOPLE_ROLES(id, role) VALUES ('80000195','staff');
INSERT INTO HR_PEOPLE_ROLES(id, role) VALUES ('80000195','student');
INSERT INTO SIS_COURSES (termId, courseId, studentId) VALUES ('201810','SCI123','80000195');
INSERT INTO SIS_COURSES (termId, courseId, studentId) VALUES ('201810','ENGL101','80000195');
INSERT INTO SIS_COURSES (termId, courseId, studentId) VALUES ('201810','CS251','80000195');
INSERT INTO HR_PEOPLE(id, surname, givenName) VALUES ('80000196','Lopez','Jo');
INSERT INTO HR_PEOPLE_ROLES(id, role) VALUES ('80000196','community');
INSERT INTO HR_PEOPLE_ROLES(id, role) VALUES ('80000196','faculty');
INSERT INTO SIS_COURSES (termId, courseId, studentId) VALUES ('201810','CS251','80000196');
INSERT INTO SIS_COURSES (termId, courseId, studentId) VALUES ('201810','HIST102','80000196');
INSERT INTO SIS_COURSES (termId, courseId, studentId) VALUES ('201810','MATH101','80000196');
INSERT INTO HR_PEOPLE(id, surname, givenName) VALUES ('80000197','Johnson','Robert');
INSERT INTO HR_PEOPLE_ROLES(id, role) VALUES ('80000197','staff');
INSERT INTO HR_PEOPLE_ROLES(id, role) VALUES ('80000197','community');
INSERT INTO HR_PEOPLE(id, surname, givenName) VALUES ('80000198','Clark','Mia');
INSERT INTO HR_PEOPLE_ROLES(id, role) VALUES ('80000198','staff');
INSERT INTO HR_PEOPLE_ROLES(id, role) VALUES ('80000198','community');
INSERT INTO HR_PEOPLE(id, surname, givenName) VALUES ('80000199','Price','Ava');
INSERT INTO HR_PEOPLE_ROLES(id, role) VALUES ('80000199','staff');
INSERT INTO HR_PEOPLE(id, surname, givenName) VALUES ('80000200','Roberts','Debbie');
INSERT INTO HR_PEOPLE_ROLES(id, role) VALUES ('80000200','staff');
INSERT INTO HR_PEOPLE(id, surname, givenName) VALUES ('80000201','Gonazles','Andrew');
INSERT INTO HR_PEOPLE_ROLES(id, role) VALUES ('80000201','community');
INSERT INTO HR_PEOPLE_ROLES(id, role) VALUES ('80000201','staff');
INSERT INTO HR_PEOPLE(id, surname, givenName) VALUES ('80000202','Nielson','Jeremy');
INSERT INTO HR_PEOPLE_ROLES(id, role) VALUES ('80000202','student');
INSERT INTO SIS_COURSES (termId, courseId, studentId) VALUES ('201810','ENGL101','80000202');
INSERT INTO HR_PEOPLE(id, surname, givenName) VALUES ('80000203','Vales','Perry');
INSERT INTO HR_PEOPLE_ROLES(id, role) VALUES ('80000203','community');
INSERT INTO HR_PEOPLE(id, surname, givenName) VALUES ('80000204','Davis','Adian');
INSERT INTO HR_PEOPLE_ROLES(id, role) VALUES ('80000204','faculty');
INSERT INTO SIS_COURSES (termId, courseId, studentId) VALUES ('201810','ENGL102','80000204');
INSERT INTO SIS_COURSES (termId, courseId, studentId) VALUES ('201810','ACCT201','80000204');
INSERT INTO SIS_COURSES (termId, courseId, studentId) VALUES ('201810','HIST102','80000204');
INSERT INTO SIS_COURSES (termId, courseId, studentId) VALUES ('201810','ENGL101','80000204');
INSERT INTO HR_PEOPLE(id, surname, givenName) VALUES ('80000205','Doe','Mia');
INSERT INTO HR_PEOPLE_ROLES(id, role) VALUES ('80000205','staff');
INSERT INTO HR_PEOPLE(id, surname, givenName) VALUES ('80000206','Price','Ava');
INSERT INTO HR_PEOPLE_ROLES(id, role) VALUES ('80000206','student');
INSERT INTO SIS_COURSES (termId, courseId, studentId) VALUES ('201810','ACCT101','80000206');
INSERT INTO HR_PEOPLE(id, surname, givenName) VALUES ('80000207','Davis','William');
INSERT INTO HR_PEOPLE_ROLES(id, role) VALUES ('80000207','faculty');
INSERT INTO HR_PEOPLE_ROLES(id, role) VALUES ('80000207','staff');
INSERT INTO SIS_COURSES (termId, courseId, studentId) VALUES ('201810','ENGL102','80000207');
INSERT INTO SIS_COURSES (termId, courseId, studentId) VALUES ('201810','CS251','80000207');
INSERT INTO SIS_COURSES (termId, courseId, studentId) VALUES ('201810','SCI123','80000207');
INSERT INTO HR_PEOPLE(id, surname, givenName) VALUES ('80000208','Williams','Jo');
INSERT INTO HR_PEOPLE(id, surname, givenName) VALUES ('80000209','Morrison','Amber');
INSERT INTO HR_PEOPLE(id, surname, givenName) VALUES ('80000210','Gasper','Christina');
INSERT INTO HR_PEOPLE_ROLES(id, role) VALUES ('80000210','staff');
INSERT INTO HR_PEOPLE(id, surname, givenName) VALUES ('80000211','Scott','Thomas');
INSERT INTO HR_PEOPLE_ROLES(id, role) VALUES ('80000211','faculty');
INSERT INTO SIS_COURSES (termId, courseId, studentId) VALUES ('201810','CS252','80000211');
INSERT INTO SIS_COURSES (termId, courseId, studentId) VALUES ('201810','ENGL102','80000211');
INSERT INTO HR_PEOPLE(id, surname, givenName) VALUES ('80000212','Gasper','Amber');
INSERT INTO HR_PEOPLE_ROLES(id, role) VALUES ('80000212','community');
INSERT INTO HR_PEOPLE(id, surname, givenName) VALUES ('80000213','Morrison','Christina');
INSERT INTO HR_PEOPLE_ROLES(id, role) VALUES ('80000213','student');
INSERT INTO SIS_COURSES (termId, courseId, studentId) VALUES ('201810','ENGL101','80000213');
INSERT INTO SIS_COURSES (termId, courseId, studentId) VALUES ('201810','ACCT101','80000213');
INSERT INTO SIS_COURSES (termId, courseId, studentId) VALUES ('201810','ACCT201','80000213');
INSERT INTO HR_PEOPLE(id, surname, givenName) VALUES ('80000214','Vales','Lisa');
INSERT INTO HR_PEOPLE_ROLES(id, role) VALUES ('80000214','community');
INSERT INTO HR_PEOPLE(id, surname, givenName) VALUES ('80000215','Roberts','Nancy');
INSERT INTO HR_PEOPLE_ROLES(id, role) VALUES ('80000215','faculty');
INSERT INTO HR_PEOPLE_ROLES(id, role) VALUES ('80000215','student');
INSERT INTO SIS_COURSES (termId, courseId, studentId) VALUES ('201810','ENGL102','80000215');
INSERT INTO SIS_COURSES (termId, courseId, studentId) VALUES ('201810','HIST101','80000215');
INSERT INTO SIS_COURSES (termId, courseId, studentId) VALUES ('201810','ACCT201','80000215');
INSERT INTO SIS_COURSES (termId, courseId, studentId) VALUES ('201810','SCI123','80000215');
INSERT INTO HR_PEOPLE(id, surname, givenName) VALUES ('80000216','Langenberg','John');
INSERT INTO HR_PEOPLE_ROLES(id, role) VALUES ('80000216','staff');
INSERT INTO HR_PEOPLE_ROLES(id, role) VALUES ('80000216','community');
INSERT INTO HR_PEOPLE(id, surname, givenName) VALUES ('80000217','Scott','William');
INSERT INTO HR_PEOPLE_ROLES(id, role) VALUES ('80000217','community');
INSERT INTO HR_PEOPLE(id, surname, givenName) VALUES ('80000218','Henderson','Eric');
INSERT INTO HR_PEOPLE_ROLES(id, role) VALUES ('80000218','student');
INSERT INTO SIS_COURSES (termId, courseId, studentId) VALUES ('201810','CS252','80000218');
INSERT INTO SIS_COURSES (termId, courseId, studentId) VALUES ('201810','MATH101','80000218');
INSERT INTO SIS_COURSES (termId, courseId, studentId) VALUES ('201810','MATH100','80000218');
INSERT INTO SIS_COURSES (termId, courseId, studentId) VALUES ('201810','ENGL102','80000218');
INSERT INTO HR_PEOPLE(id, surname, givenName) VALUES ('80000219','Anderson','Nancy');
INSERT INTO HR_PEOPLE(id, surname, givenName) VALUES ('80000220','Langenberg','Christina');
INSERT INTO HR_PEOPLE_ROLES(id, role) VALUES ('80000220','staff');
INSERT INTO HR_PEOPLE(id, surname, givenName) VALUES ('80000221','Thompson','Robert');
INSERT INTO HR_PEOPLE(id, surname, givenName) VALUES ('80000222','Smith','Kiersten');
INSERT INTO HR_PEOPLE_ROLES(id, role) VALUES ('80000222','faculty');
INSERT INTO SIS_COURSES (termId, courseId, studentId) VALUES ('201810','SCI123','80000222');
INSERT INTO SIS_COURSES (termId, courseId, studentId) VALUES ('201810','ACCT101','80000222');
INSERT INTO SIS_COURSES (termId, courseId, studentId) VALUES ('201810','ACCT201','80000222');
INSERT INTO HR_PEOPLE(id, surname, givenName) VALUES ('80000223','White','Jim');
INSERT INTO HR_PEOPLE_ROLES(id, role) VALUES ('80000223','staff');
INSERT INTO HR_PEOPLE(id, surname, givenName) VALUES ('80000224','Williams','Mia');
INSERT INTO HR_PEOPLE_ROLES(id, role) VALUES ('80000224','faculty');
INSERT INTO SIS_COURSES (termId, courseId, studentId) VALUES ('201810','SCI123','80000224');
INSERT INTO SIS_COURSES (termId, courseId, studentId) VALUES ('201810','ENGL201','80000224');
INSERT INTO SIS_COURSES (termId, courseId, studentId) VALUES ('201810','CS252','80000224');
INSERT INTO HR_PEOPLE(id, surname, givenName) VALUES ('80000225','Gasper','Kim');
INSERT INTO HR_PEOPLE_ROLES(id, role) VALUES ('80000225','staff');
INSERT INTO HR_PEOPLE(id, surname, givenName) VALUES ('80000226','Thompson','Lexi');
INSERT INTO HR_PEOPLE_ROLES(id, role) VALUES ('80000226','student');
INSERT INTO SIS_COURSES (termId, courseId, studentId) VALUES ('201810','CS252','80000226');
INSERT INTO HR_PEOPLE(id, surname, givenName) VALUES ('80000227','Lewis','Sophia');
INSERT INTO HR_PEOPLE_ROLES(id, role) VALUES ('80000227','faculty');
INSERT INTO SIS_COURSES (termId, courseId, studentId) VALUES ('201810','ENGL101','80000227');
INSERT INTO SIS_COURSES (termId, courseId, studentId) VALUES ('201810','SCI123','80000227');
INSERT INTO SIS_COURSES (termId, courseId, studentId) VALUES ('201810','CS252','80000227');
INSERT INTO SIS_COURSES (termId, courseId, studentId) VALUES ('201810','SCI404','80000227');
INSERT INTO HR_PEOPLE(id, surname, givenName) VALUES ('80000228','Clark','Mark');
INSERT INTO HR_PEOPLE_ROLES(id, role) VALUES ('80000228','staff');
INSERT INTO HR_PEOPLE(id, surname, givenName) VALUES ('80000229','Vales','Maddie');
INSERT INTO HR_PEOPLE_ROLES(id, role) VALUES ('80000229','student');
INSERT INTO SIS_COURSES (termId, courseId, studentId) VALUES ('201810','SCI404','80000229');
INSERT INTO HR_PEOPLE(id, surname, givenName) VALUES ('80000230','Brown','Lori');
INSERT INTO HR_PEOPLE_ROLES(id, role) VALUES ('80000230','faculty');
INSERT INTO SIS_COURSES (termId, courseId, studentId) VALUES ('201810','SCI123','80000230');
INSERT INTO SIS_COURSES (termId, courseId, studentId) VALUES ('201810','ACCT201','80000230');
INSERT INTO SIS_COURSES (termId, courseId, studentId) VALUES ('201810','HIST101','80000230');
INSERT INTO SIS_COURSES (termId, courseId, studentId) VALUES ('201810','HIST102','80000230');
INSERT INTO HR_PEOPLE(id, surname, givenName) VALUES ('80000231','Williams','Robert');
INSERT INTO HR_PEOPLE_ROLES(id, role) VALUES ('80000231','staff');
INSERT INTO HR_PEOPLE_ROLES(id, role) VALUES ('80000231','community');
INSERT INTO HR_PEOPLE(id, surname, givenName) VALUES ('80000232','Thompson','Claire');
INSERT INTO HR_PEOPLE_ROLES(id, role) VALUES ('80000232','community');
INSERT INTO HR_PEOPLE(id, surname, givenName) VALUES ('80000233','Davis','David');
INSERT INTO HR_PEOPLE_ROLES(id, role) VALUES ('80000233','faculty');
INSERT INTO HR_PEOPLE_ROLES(id, role) VALUES ('80000233','student');
INSERT INTO SIS_COURSES (termId, courseId, studentId) VALUES ('201810','ACCT101','80000233');
INSERT INTO SIS_COURSES (termId, courseId, studentId) VALUES ('201810','HIST101','80000233');
INSERT INTO HR_PEOPLE(id, surname, givenName) VALUES ('80000234','Gasper','Adian');
INSERT INTO HR_PEOPLE_ROLES(id, role) VALUES ('80000234','student');
INSERT INTO SIS_COURSES (termId, courseId, studentId) VALUES ('201810','CS252','80000234');
INSERT INTO HR_PEOPLE(id, surname, givenName) VALUES ('80000235','Langenberg','Greg');
INSERT INTO HR_PEOPLE_ROLES(id, role) VALUES ('80000235','community');
INSERT INTO HR_PEOPLE(id, surname, givenName) VALUES ('80000236','Lewis','John');
INSERT INTO HR_PEOPLE_ROLES(id, role) VALUES ('80000236','community');
INSERT INTO HR_PEOPLE(id, surname, givenName) VALUES ('80000237','Walters','Lexi');
INSERT INTO HR_PEOPLE_ROLES(id, role) VALUES ('80000237','faculty');
INSERT INTO HR_PEOPLE_ROLES(id, role) VALUES ('80000237','community');
INSERT INTO SIS_COURSES (termId, courseId, studentId) VALUES ('201810','HIST101','80000237');
INSERT INTO HR_PEOPLE(id, surname, givenName) VALUES ('80000238','Lopez','Kiersten');
INSERT INTO HR_PEOPLE_ROLES(id, role) VALUES ('80000238','community');
INSERT INTO HR_PEOPLE(id, surname, givenName) VALUES ('80000239','White','Emma');
INSERT INTO HR_PEOPLE_ROLES(id, role) VALUES ('80000239','staff');
INSERT INTO HR_PEOPLE(id, surname, givenName) VALUES ('80000240','Gonazles','Betty');
INSERT INTO HR_PEOPLE_ROLES(id, role) VALUES ('80000240','community');
INSERT INTO HR_PEOPLE(id, surname, givenName) VALUES ('80000241','Nielson','Thomas');
INSERT INTO HR_PEOPLE_ROLES(id, role) VALUES ('80000241','faculty');
INSERT INTO HR_PEOPLE_ROLES(id, role) VALUES ('80000241','staff');
INSERT INTO SIS_COURSES (termId, courseId, studentId) VALUES ('201810','CS252','80000241');
INSERT INTO SIS_COURSES (termId, courseId, studentId) VALUES ('201810','MATH100','80000241');
INSERT INTO SIS_COURSES (termId, courseId, studentId) VALUES ('201810','ENGL102','80000241');
INSERT INTO SIS_COURSES (termId, courseId, studentId) VALUES ('201810','ENGL101','80000241');
INSERT INTO HR_PEOPLE(id, surname, givenName) VALUES ('80000242','Clark','Nancy');
INSERT INTO HR_PEOPLE_ROLES(id, role) VALUES ('80000242','community');
INSERT INTO HR_PEOPLE(id, surname, givenName) VALUES ('80000243','Williams','Paul');
INSERT INTO HR_PEOPLE_ROLES(id, role) VALUES ('80000243','staff');
INSERT INTO HR_PEOPLE(id, surname, givenName) VALUES ('80000244','Peterson','James');
INSERT INTO HR_PEOPLE_ROLES(id, role) VALUES ('80000244','student');
INSERT INTO SIS_COURSES (termId, courseId, studentId) VALUES ('201810','SCI123','80000244');
INSERT INTO SIS_COURSES (termId, courseId, studentId) VALUES ('201810','SCI404','80000244');
INSERT INTO SIS_COURSES (termId, courseId, studentId) VALUES ('201810','ACCT101','80000244');
INSERT INTO SIS_COURSES (termId, courseId, studentId) VALUES ('201810','CS252','80000244');
INSERT INTO HR_PEOPLE(id, surname, givenName) VALUES ('80000245','Lewis','David');
INSERT INTO HR_PEOPLE(id, surname, givenName) VALUES ('80000246','Gasper','Jim');
INSERT INTO HR_PEOPLE_ROLES(id, role) VALUES ('80000246','staff');
INSERT INTO HR_PEOPLE(id, surname, givenName) VALUES ('80000247','Langenberg','Paul');
INSERT INTO HR_PEOPLE_ROLES(id, role) VALUES ('80000247','faculty');
INSERT INTO SIS_COURSES (termId, courseId, studentId) VALUES ('201810','ENGL101','80000247');
INSERT INTO HR_PEOPLE(id, surname, givenName) VALUES ('80000248','Walters','Ann');
INSERT INTO HR_PEOPLE_ROLES(id, role) VALUES ('80000248','community');
INSERT INTO HR_PEOPLE(id, surname, givenName) VALUES ('80000249','Henderson','Debbie');
INSERT INTO HR_PEOPLE_ROLES(id, role) VALUES ('80000249','community');
INSERT INTO HR_PEOPLE(id, surname, givenName) VALUES ('80000250','Lee','Marie');
INSERT INTO HR_PEOPLE_ROLES(id, role) VALUES ('80000250','student');
INSERT INTO SIS_COURSES (termId, courseId, studentId) VALUES ('201810','HIST102','80000250');
INSERT INTO SIS_COURSES (termId, courseId, studentId) VALUES ('201810','MATH100','80000250');
INSERT INTO SIS_COURSES (termId, courseId, studentId) VALUES ('201810','CS251','80000250');
INSERT INTO SIS_COURSES (termId, courseId, studentId) VALUES ('201810','MATH101','80000250');
INSERT INTO HR_PEOPLE(id, surname, givenName) VALUES ('80000251','Nielson','Megan');
INSERT INTO HR_PEOPLE_ROLES(id, role) VALUES ('80000251','faculty');
INSERT INTO SIS_COURSES (termId, courseId, studentId) VALUES ('201810','MATH101','80000251');
INSERT INTO HR_PEOPLE(id, surname, givenName) VALUES ('80000252','White','Heather');
INSERT INTO HR_PEOPLE_ROLES(id, role) VALUES ('80000252','student');
INSERT INTO SIS_COURSES (termId, courseId, studentId) VALUES ('201810','SCI123','80000252');
INSERT INTO SIS_COURSES (termId, courseId, studentId) VALUES ('201810','ACCT201','80000252');
INSERT INTO SIS_COURSES (termId, courseId, studentId) VALUES ('201810','HIST102','80000252');
INSERT INTO HR_PEOPLE(id, surname, givenName) VALUES ('80000253','Lewis','Maddie');
INSERT INTO HR_PEOPLE_ROLES(id, role) VALUES ('80000253','community');
INSERT INTO HR_PEOPLE_ROLES(id, role) VALUES ('80000253','student');
INSERT INTO SIS_COURSES (termId, courseId, studentId) VALUES ('201810','HIST102','80000253');
INSERT INTO SIS_COURSES (termId, courseId, studentId) VALUES ('201810','MATH100','80000253');
INSERT INTO HR_PEOPLE(id, surname, givenName) VALUES ('80000254','Johnson','Madison');
INSERT INTO HR_PEOPLE_ROLES(id, role) VALUES ('80000254','student');
INSERT INTO HR_PEOPLE_ROLES(id, role) VALUES ('80000254','faculty');
INSERT INTO SIS_COURSES (termId, courseId, studentId) VALUES ('201810','HIST101','80000254');
INSERT INTO SIS_COURSES (termId, courseId, studentId) VALUES ('201810','ENGL101','80000254');
INSERT INTO SIS_COURSES (termId, courseId, studentId) VALUES ('201810','SCI123','80000254');
INSERT INTO HR_PEOPLE(id, surname, givenName) VALUES ('80000255','Lee','Perry');
INSERT INTO HR_PEOPLE_ROLES(id, role) VALUES ('80000255','student');
INSERT INTO HR_PEOPLE_ROLES(id, role) VALUES ('80000255','staff');
INSERT INTO SIS_COURSES (termId, courseId, studentId) VALUES ('201810','SCI123','80000255');
INSERT INTO SIS_COURSES (termId, courseId, studentId) VALUES ('201810','MATH101','80000255');
INSERT INTO HR_PEOPLE(id, surname, givenName) VALUES ('80000256','Gasper','John');
INSERT INTO HR_PEOPLE_ROLES(id, role) VALUES ('80000256','student');
INSERT INTO SIS_COURSES (termId, courseId, studentId) VALUES ('201810','ENGL102','80000256');
INSERT INTO SIS_COURSES (termId, courseId, studentId) VALUES ('201810','HIST101','80000256');
INSERT INTO HR_PEOPLE(id, surname, givenName) VALUES ('80000257','Nielson','Betty');
INSERT INTO HR_PEOPLE_ROLES(id, role) VALUES ('80000257','community');
INSERT INTO HR_PEOPLE_ROLES(id, role) VALUES ('80000257','staff');
INSERT INTO HR_PEOPLE(id, surname, givenName) VALUES ('80000258','Clark','Sarah');
INSERT INTO HR_PEOPLE_ROLES(id, role) VALUES ('80000258','faculty');
INSERT INTO HR_PEOPLE_ROLES(id, role) VALUES ('80000258','community');
INSERT INTO SIS_COURSES (termId, courseId, studentId) VALUES ('201810','MATH100','80000258');
INSERT INTO SIS_COURSES (termId, courseId, studentId) VALUES ('201810','ENGL102','80000258');
INSERT INTO SIS_COURSES (termId, courseId, studentId) VALUES ('201810','MATH101','80000258');
INSERT INTO HR_PEOPLE(id, surname, givenName) VALUES ('80000259','Walters','Nancy');
INSERT INTO HR_PEOPLE_ROLES(id, role) VALUES ('80000259','staff');
INSERT INTO HR_PEOPLE_ROLES(id, role) VALUES ('80000259','faculty');
INSERT INTO SIS_COURSES (termId, courseId, studentId) VALUES ('201810','HIST101','80000259');
INSERT INTO SIS_COURSES (termId, courseId, studentId) VALUES ('201810','ACCT201','80000259');
INSERT INTO HR_PEOPLE(id, surname, givenName) VALUES ('80000260','Smith','Jennifer');
INSERT INTO HR_PEOPLE_ROLES(id, role) VALUES ('80000260','faculty');
INSERT INTO SIS_COURSES (termId, courseId, studentId) VALUES ('201810','ENGL101','80000260');
INSERT INTO SIS_COURSES (termId, courseId, studentId) VALUES ('201810','ENGL102','80000260');
INSERT INTO HR_PEOPLE(id, surname, givenName) VALUES ('80000261','Williams','Andrew');
INSERT INTO HR_PEOPLE_ROLES(id, role) VALUES ('80000261','faculty');
INSERT INTO SIS_COURSES (termId, courseId, studentId) VALUES ('201810','ENGL201','80000261');
INSERT INTO SIS_COURSES (termId, courseId, studentId) VALUES ('201810','CS251','80000261');
INSERT INTO SIS_COURSES (termId, courseId, studentId) VALUES ('201810','ENGL102','80000261');
INSERT INTO HR_PEOPLE(id, surname, givenName) VALUES ('80000262','Grady','Stephanie');
INSERT INTO HR_PEOPLE(id, surname, givenName) VALUES ('80000263','White','Sophia');
INSERT INTO HR_PEOPLE(id, surname, givenName) VALUES ('80000264','Lopez','Donna');
INSERT INTO HR_PEOPLE(id, surname, givenName) VALUES ('80000265','Lopez','Eric');
INSERT INTO HR_PEOPLE_ROLES(id, role) VALUES ('80000265','student');
INSERT INTO HR_PEOPLE_ROLES(id, role) VALUES ('80000265','staff');
INSERT INTO SIS_COURSES (termId, courseId, studentId) VALUES ('201810','ENGL101','80000265');
INSERT INTO SIS_COURSES (termId, courseId, studentId) VALUES ('201810','ENGL201','80000265');
INSERT INTO SIS_COURSES (termId, courseId, studentId) VALUES ('201810','CS251','80000265');
INSERT INTO SIS_COURSES (termId, courseId, studentId) VALUES ('201810','ACCT101','80000265');
INSERT INTO HR_PEOPLE(id, surname, givenName) VALUES ('80000266','Morrison','Jim');
INSERT INTO HR_PEOPLE_ROLES(id, role) VALUES ('80000266','community');
INSERT INTO HR_PEOPLE_ROLES(id, role) VALUES ('80000266','staff');
INSERT INTO HR_PEOPLE(id, surname, givenName) VALUES ('80000267','Langenberg','Megan');
INSERT INTO HR_PEOPLE_ROLES(id, role) VALUES ('80000267','faculty');
INSERT INTO HR_PEOPLE_ROLES(id, role) VALUES ('80000267','staff');
INSERT INTO SIS_COURSES (termId, courseId, studentId) VALUES ('201810','HIST101','80000267');
INSERT INTO SIS_COURSES (termId, courseId, studentId) VALUES ('201810','MATH100','80000267');
INSERT INTO HR_PEOPLE(id, surname, givenName) VALUES ('80000268','Henderson','Megan');
INSERT INTO HR_PEOPLE_ROLES(id, role) VALUES ('80000268','faculty');
INSERT INTO SIS_COURSES (termId, courseId, studentId) VALUES ('201810','SCI123','80000268');
INSERT INTO SIS_COURSES (termId, courseId, studentId) VALUES ('201810','CS252','80000268');
INSERT INTO SIS_COURSES (termId, courseId, studentId) VALUES ('201810','MATH101','80000268');
INSERT INTO SIS_COURSES (termId, courseId, studentId) VALUES ('201810','ACCT101','80000268');
INSERT INTO HR_PEOPLE(id, surname, givenName) VALUES ('80000269','Vales','Karoline');
INSERT INTO HR_PEOPLE_ROLES(id, role) VALUES ('80000269','student');
INSERT INTO SIS_COURSES (termId, courseId, studentId) VALUES ('201810','ENGL101','80000269');
INSERT INTO SIS_COURSES (termId, courseId, studentId) VALUES ('201810','ACCT101','80000269');
INSERT INTO SIS_COURSES (termId, courseId, studentId) VALUES ('201810','SCI123','80000269');
INSERT INTO HR_PEOPLE(id, surname, givenName) VALUES ('80000270','Henderson','Isabella');
INSERT INTO HR_PEOPLE_ROLES(id, role) VALUES ('80000270','faculty');
INSERT INTO SIS_COURSES (termId, courseId, studentId) VALUES ('201810','CS251','80000270');
INSERT INTO SIS_COURSES (termId, courseId, studentId) VALUES ('201810','ENGL102','80000270');
INSERT INTO SIS_COURSES (termId, courseId, studentId) VALUES ('201810','SCI404','80000270');
INSERT INTO HR_PEOPLE(id, surname, givenName) VALUES ('80000271','Martinez','Lori');
INSERT INTO HR_PEOPLE_ROLES(id, role) VALUES ('80000271','student');
INSERT INTO HR_PEOPLE_ROLES(id, role) VALUES ('80000271','community');
INSERT INTO SIS_COURSES (termId, courseId, studentId) VALUES ('201810','HIST102','80000271');
INSERT INTO SIS_COURSES (termId, courseId, studentId) VALUES ('201810','SCI123','80000271');
INSERT INTO SIS_COURSES (termId, courseId, studentId) VALUES ('201810','SCI404','80000271');
INSERT INTO SIS_COURSES (termId, courseId, studentId) VALUES ('201810','MATH100','80000271');
INSERT INTO HR_PEOPLE(id, surname, givenName) VALUES ('80000272','Johnson','Greg');
INSERT INTO HR_PEOPLE(id, surname, givenName) VALUES ('80000273','Williams','Paul');
INSERT INTO HR_PEOPLE_ROLES(id, role) VALUES ('80000273','staff');
INSERT INTO HR_PEOPLE_ROLES(id, role) VALUES ('80000273','community');
INSERT INTO HR_PEOPLE(id, surname, givenName) VALUES ('80000274','Price','Andrew');
INSERT INTO HR_PEOPLE_ROLES(id, role) VALUES ('80000274','student');
INSERT INTO HR_PEOPLE_ROLES(id, role) VALUES ('80000274','faculty');
INSERT INTO SIS_COURSES (termId, courseId, studentId) VALUES ('201810','ACCT201','80000274');
INSERT INTO HR_PEOPLE(id, surname, givenName) VALUES ('80000275','Scott','John');
INSERT INTO HR_PEOPLE_ROLES(id, role) VALUES ('80000275','staff');
INSERT INTO HR_PEOPLE_ROLES(id, role) VALUES ('80000275','faculty');
INSERT INTO SIS_COURSES (termId, courseId, studentId) VALUES ('201810','HIST102','80000275');
INSERT INTO HR_PEOPLE(id, surname, givenName) VALUES ('80000276','Butler','James');
INSERT INTO HR_PEOPLE_ROLES(id, role) VALUES ('80000276','student');
INSERT INTO SIS_COURSES (termId, courseId, studentId) VALUES ('201810','HIST101','80000276');
INSERT INTO SIS_COURSES (termId, courseId, studentId) VALUES ('201810','MATH101','80000276');
INSERT INTO HR_PEOPLE(id, surname, givenName) VALUES ('80000277','Roberts','Christina');
INSERT INTO HR_PEOPLE(id, surname, givenName) VALUES ('80000278','Brown','Greg');
INSERT INTO HR_PEOPLE_ROLES(id, role) VALUES ('80000278','faculty');
INSERT INTO HR_PEOPLE_ROLES(id, role) VALUES ('80000278','staff');
INSERT INTO SIS_COURSES (termId, courseId, studentId) VALUES ('201810','CS252','80000278');
INSERT INTO SIS_COURSES (termId, courseId, studentId) VALUES ('201810','HIST102','80000278');
INSERT INTO HR_PEOPLE(id, surname, givenName) VALUES ('80000279','Davis','Emma');
INSERT INTO HR_PEOPLE_ROLES(id, role) VALUES ('80000279','faculty');
INSERT INTO SIS_COURSES (termId, courseId, studentId) VALUES ('201810','HIST102','80000279');
INSERT INTO SIS_COURSES (termId, courseId, studentId) VALUES ('201810','SCI123','80000279');
INSERT INTO SIS_COURSES (termId, courseId, studentId) VALUES ('201810','ACCT101','80000279');
INSERT INTO HR_PEOPLE(id, surname, givenName) VALUES ('80000280','Langenberg','Emma');
INSERT INTO HR_PEOPLE_ROLES(id, role) VALUES ('80000280','student');
INSERT INTO SIS_COURSES (termId, courseId, studentId) VALUES ('201810','ENGL201','80000280');
INSERT INTO SIS_COURSES (termId, courseId, studentId) VALUES ('201810','ACCT101','80000280');
INSERT INTO SIS_COURSES (termId, courseId, studentId) VALUES ('201810','ENGL102','80000280');
INSERT INTO HR_PEOPLE(id, surname, givenName) VALUES ('80000281','Johnson','Jim');
INSERT INTO HR_PEOPLE_ROLES(id, role) VALUES ('80000281','student');
INSERT INTO HR_PEOPLE_ROLES(id, role) VALUES ('80000281','community');
INSERT INTO SIS_COURSES (termId, courseId, studentId) VALUES ('201810','HIST101','80000281');
INSERT INTO HR_PEOPLE(id, surname, givenName) VALUES ('80000282','Martinez','Debbie');
INSERT INTO HR_PEOPLE_ROLES(id, role) VALUES ('80000282','community');
INSERT INTO HR_PEOPLE_ROLES(id, role) VALUES ('80000282','staff');
INSERT INTO HR_PEOPLE(id, surname, givenName) VALUES ('80000283','Peterson','Thomas');
INSERT INTO HR_PEOPLE_ROLES(id, role) VALUES ('80000283','faculty');
INSERT INTO SIS_COURSES (termId, courseId, studentId) VALUES ('201810','HIST102','80000283');
INSERT INTO HR_PEOPLE(id, surname, givenName) VALUES ('80000284','Martinez','Adian');
INSERT INTO HR_PEOPLE_ROLES(id, role) VALUES ('80000284','community');
INSERT INTO HR_PEOPLE_ROLES(id, role) VALUES ('80000284','student');
INSERT INTO SIS_COURSES (termId, courseId, studentId) VALUES ('201810','MATH101','80000284');
INSERT INTO SIS_COURSES (termId, courseId, studentId) VALUES ('201810','ENGL102','80000284');
INSERT INTO SIS_COURSES (termId, courseId, studentId) VALUES ('201810','HIST101','80000284');
INSERT INTO SIS_COURSES (termId, courseId, studentId) VALUES ('201810','SCI123','80000284');
INSERT INTO HR_PEOPLE(id, surname, givenName) VALUES ('80000285','Price','Lisa');
INSERT INTO HR_PEOPLE_ROLES(id, role) VALUES ('80000285','community');
INSERT INTO HR_PEOPLE(id, surname, givenName) VALUES ('80000286','Lopez','Adian');
INSERT INTO HR_PEOPLE_ROLES(id, role) VALUES ('80000286','faculty');
INSERT INTO SIS_COURSES (termId, courseId, studentId) VALUES ('201810','ACCT201','80000286');
INSERT INTO HR_PEOPLE(id, surname, givenName) VALUES ('80000287','Walters','Perry');
INSERT INTO HR_PEOPLE_ROLES(id, role) VALUES ('80000287','student');
INSERT INTO SIS_COURSES (termId, courseId, studentId) VALUES ('201810','CS252','80000287');
INSERT INTO SIS_COURSES (termId, courseId, studentId) VALUES ('201810','HIST101','80000287');
INSERT INTO SIS_COURSES (termId, courseId, studentId) VALUES ('201810','SCI404','80000287');
INSERT INTO SIS_COURSES (termId, courseId, studentId) VALUES ('201810','HIST102','80000287');
INSERT INTO HR_PEOPLE(id, surname, givenName) VALUES ('80000288','Thompson','Colin');
INSERT INTO HR_PEOPLE_ROLES(id, role) VALUES ('80000288','community');
INSERT INTO HR_PEOPLE(id, surname, givenName) VALUES ('80000289','Doe','Robert');
INSERT INTO HR_PEOPLE_ROLES(id, role) VALUES ('80000289','staff');
INSERT INTO HR_PEOPLE(id, surname, givenName) VALUES ('80000290','Morrison','Mia');
INSERT INTO HR_PEOPLE_ROLES(id, role) VALUES ('80000290','student');
INSERT INTO HR_PEOPLE_ROLES(id, role) VALUES ('80000290','community');
INSERT INTO SIS_COURSES (termId, courseId, studentId) VALUES ('201810','ACCT201','80000290');
INSERT INTO SIS_COURSES (termId, courseId, studentId) VALUES ('201810','CS251','80000290');
INSERT INTO SIS_COURSES (termId, courseId, studentId) VALUES ('201810','ENGL102','80000290');
INSERT INTO HR_PEOPLE(id, surname, givenName) VALUES ('80000291','Lopez','Lisa');
INSERT INTO HR_PEOPLE_ROLES(id, role) VALUES ('80000291','staff');
INSERT INTO HR_PEOPLE(id, surname, givenName) VALUES ('80000292','Thompson','Madison');
INSERT INTO HR_PEOPLE_ROLES(id, role) VALUES ('80000292','staff');
INSERT INTO HR_PEOPLE(id, surname, givenName) VALUES ('80000293','Brown','Colin');
INSERT INTO HR_PEOPLE_ROLES(id, role) VALUES ('80000293','student');
INSERT INTO HR_PEOPLE_ROLES(id, role) VALUES ('80000293','staff');
INSERT INTO SIS_COURSES (termId, courseId, studentId) VALUES ('201810','HIST102','80000293');
INSERT INTO HR_PEOPLE(id, surname, givenName) VALUES ('80000294','Scott','Amber');
INSERT INTO HR_PEOPLE_ROLES(id, role) VALUES ('80000294','student');
INSERT INTO HR_PEOPLE_ROLES(id, role) VALUES ('80000294','staff');
INSERT INTO SIS_COURSES (termId, courseId, studentId) VALUES ('201810','MATH100','80000294');
INSERT INTO SIS_COURSES (termId, courseId, studentId) VALUES ('201810','SCI123','80000294');
INSERT INTO SIS_COURSES (termId, courseId, studentId) VALUES ('201810','MATH101','80000294');
INSERT INTO SIS_COURSES (termId, courseId, studentId) VALUES ('201810','SCI404','80000294');
INSERT INTO HR_PEOPLE(id, surname, givenName) VALUES ('80000295','Anderson','Lori');
INSERT INTO HR_PEOPLE_ROLES(id, role) VALUES ('80000295','community');
INSERT INTO HR_PEOPLE(id, surname, givenName) VALUES ('80000296','Walters','Lori');
INSERT INTO HR_PEOPLE(id, surname, givenName) VALUES ('80000297','Doe','Christopher');
INSERT INTO HR_PEOPLE_ROLES(id, role) VALUES ('80000297','community');
INSERT INTO HR_PEOPLE(id, surname, givenName) VALUES ('80000298','Smith','Nancy');
INSERT INTO HR_PEOPLE_ROLES(id, role) VALUES ('80000298','student');
INSERT INTO HR_PEOPLE_ROLES(id, role) VALUES ('80000298','faculty');
INSERT INTO SIS_COURSES (termId, courseId, studentId) VALUES ('201810','ACCT201','80000298');
INSERT INTO SIS_COURSES (termId, courseId, studentId) VALUES ('201810','CS252','80000298');
INSERT INTO HR_PEOPLE(id, surname, givenName) VALUES ('80000299','Lee','Blake');
INSERT INTO HR_PEOPLE_ROLES(id, role) VALUES ('80000299','community');
INSERT INTO HR_PEOPLE(id, surname, givenName) VALUES ('80000300','Williams','David');
INSERT INTO HR_PEOPLE_ROLES(id, role) VALUES ('80000300','community');
INSERT INTO HR_PEOPLE(id, surname, givenName) VALUES ('80000301','Martinez','Eric');
INSERT INTO HR_PEOPLE_ROLES(id, role) VALUES ('80000301','staff');
INSERT INTO HR_PEOPLE_ROLES(id, role) VALUES ('80000301','student');
INSERT INTO SIS_COURSES (termId, courseId, studentId) VALUES ('201810','HIST101','80000301');
INSERT INTO HR_PEOPLE(id, surname, givenName) VALUES ('80000302','Martinez','Thomas');
INSERT INTO HR_PEOPLE(id, surname, givenName) VALUES ('80000303','Langenberg','Andrew');
INSERT INTO HR_PEOPLE_ROLES(id, role) VALUES ('80000303','faculty');
INSERT INTO SIS_COURSES (termId, courseId, studentId) VALUES ('201810','CS251','80000303');
INSERT INTO HR_PEOPLE(id, surname, givenName) VALUES ('80000304','Lee','Greg');
INSERT INTO HR_PEOPLE_ROLES(id, role) VALUES ('80000304','student');
INSERT INTO HR_PEOPLE_ROLES(id, role) VALUES ('80000304','community');
INSERT INTO SIS_COURSES (termId, courseId, studentId) VALUES ('201810','HIST101','80000304');
INSERT INTO SIS_COURSES (termId, courseId, studentId) VALUES ('201810','ENGL101','80000304');
INSERT INTO SIS_COURSES (termId, courseId, studentId) VALUES ('201810','ENGL201','80000304');
INSERT INTO HR_PEOPLE(id, surname, givenName) VALUES ('80000305','Doe','Blake');
INSERT INTO HR_PEOPLE_ROLES(id, role) VALUES ('80000305','faculty');
INSERT INTO HR_PEOPLE_ROLES(id, role) VALUES ('80000305','student');
INSERT INTO SIS_COURSES (termId, courseId, studentId) VALUES ('201810','HIST102','80000305');
INSERT INTO SIS_COURSES (termId, courseId, studentId) VALUES ('201810','ACCT101','80000305');
INSERT INTO HR_PEOPLE(id, surname, givenName) VALUES ('80000306','Langenberg','David');
INSERT INTO HR_PEOPLE_ROLES(id, role) VALUES ('80000306','student');
INSERT INTO SIS_COURSES (termId, courseId, studentId) VALUES ('201810','SCI123','80000306');
INSERT INTO SIS_COURSES (termId, courseId, studentId) VALUES ('201810','MATH101','80000306');
INSERT INTO SIS_COURSES (termId, courseId, studentId) VALUES ('201810','HIST102','80000306');
INSERT INTO HR_PEOPLE(id, surname, givenName) VALUES ('80000307','Thompson','Donna');
INSERT INTO HR_PEOPLE_ROLES(id, role) VALUES ('80000307','student');
INSERT INTO SIS_COURSES (termId, courseId, studentId) VALUES ('201810','CS251','80000307');
INSERT INTO SIS_COURSES (termId, courseId, studentId) VALUES ('201810','MATH101','80000307');
INSERT INTO HR_PEOPLE(id, surname, givenName) VALUES ('80000308','Davis','Mary');
INSERT INTO HR_PEOPLE_ROLES(id, role) VALUES ('80000308','student');
INSERT INTO SIS_COURSES (termId, courseId, studentId) VALUES ('201810','CS252','80000308');
INSERT INTO SIS_COURSES (termId, courseId, studentId) VALUES ('201810','SCI123','80000308');
INSERT INTO HR_PEOPLE(id, surname, givenName) VALUES ('80000309','Lee','Jo');
INSERT INTO HR_PEOPLE_ROLES(id, role) VALUES ('80000309','community');
INSERT INTO HR_PEOPLE(id, surname, givenName) VALUES ('80000310','Roberts','Steve');
INSERT INTO HR_PEOPLE_ROLES(id, role) VALUES ('80000310','faculty');
INSERT INTO SIS_COURSES (termId, courseId, studentId) VALUES ('201810','ACCT101','80000310');
INSERT INTO HR_PEOPLE(id, surname, givenName) VALUES ('80000311','Henderson','John');
INSERT INTO HR_PEOPLE(id, surname, givenName) VALUES ('80000312','Davis','Kiersten');
INSERT INTO HR_PEOPLE_ROLES(id, role) VALUES ('80000312','faculty');
INSERT INTO SIS_COURSES (termId, courseId, studentId) VALUES ('201810','SCI123','80000312');
INSERT INTO HR_PEOPLE(id, surname, givenName) VALUES ('80000313','Martinez','Lori');
INSERT INTO HR_PEOPLE_ROLES(id, role) VALUES ('80000313','student');
INSERT INTO HR_PEOPLE_ROLES(id, role) VALUES ('80000313','staff');
INSERT INTO SIS_COURSES (termId, courseId, studentId) VALUES ('201810','SCI123','80000313');
INSERT INTO HR_PEOPLE(id, surname, givenName) VALUES ('80000314','Butler','Colin');
INSERT INTO HR_PEOPLE_ROLES(id, role) VALUES ('80000314','faculty');
INSERT INTO HR_PEOPLE_ROLES(id, role) VALUES ('80000314','community');
INSERT INTO SIS_COURSES (termId, courseId, studentId) VALUES ('201810','ENGL101','80000314');
INSERT INTO SIS_COURSES (termId, courseId, studentId) VALUES ('201810','SCI123','80000314');
INSERT INTO HR_PEOPLE(id, surname, givenName) VALUES ('80000315','Walters','Thomas');
INSERT INTO HR_PEOPLE_ROLES(id, role) VALUES ('80000315','faculty');
INSERT INTO SIS_COURSES (termId, courseId, studentId) VALUES ('201810','ENGL102','80000315');
INSERT INTO SIS_COURSES (termId, courseId, studentId) VALUES ('201810','CS251','80000315');
INSERT INTO SIS_COURSES (termId, courseId, studentId) VALUES ('201810','ENGL201','80000315');
INSERT INTO HR_PEOPLE(id, surname, givenName) VALUES ('80000316','Lewis','Megan');
INSERT INTO HR_PEOPLE(id, surname, givenName) VALUES ('80000317','Walters','Christopher');
INSERT INTO HR_PEOPLE_ROLES(id, role) VALUES ('80000317','community');
INSERT INTO HR_PEOPLE(id, surname, givenName) VALUES ('80000318','Butler','Bill');
INSERT INTO HR_PEOPLE_ROLES(id, role) VALUES ('80000318','community');
INSERT INTO HR_PEOPLE(id, surname, givenName) VALUES ('80000319','White','Amber');
INSERT INTO HR_PEOPLE_ROLES(id, role) VALUES ('80000319','student');
INSERT INTO SIS_COURSES (termId, courseId, studentId) VALUES ('201810','ACCT201','80000319');
INSERT INTO SIS_COURSES (termId, courseId, studentId) VALUES ('201810','CS251','80000319');
INSERT INTO HR_PEOPLE(id, surname, givenName) VALUES ('80000320','Martinez','Andrew');
INSERT INTO HR_PEOPLE_ROLES(id, role) VALUES ('80000320','faculty');
INSERT INTO SIS_COURSES (termId, courseId, studentId) VALUES ('201810','ACCT201','80000320');
INSERT INTO SIS_COURSES (termId, courseId, studentId) VALUES ('201810','ENGL201','80000320');
INSERT INTO SIS_COURSES (termId, courseId, studentId) VALUES ('201810','HIST102','80000320');
INSERT INTO HR_PEOPLE(id, surname, givenName) VALUES ('80000321','Nielson','Sophia');
INSERT INTO HR_PEOPLE_ROLES(id, role) VALUES ('80000321','staff');
INSERT INTO HR_PEOPLE(id, surname, givenName) VALUES ('80000322','Clark','Mark');
INSERT INTO HR_PEOPLE_ROLES(id, role) VALUES ('80000322','student');
INSERT INTO SIS_COURSES (termId, courseId, studentId) VALUES ('201810','SCI123','80000322');
INSERT INTO SIS_COURSES (termId, courseId, studentId) VALUES ('201810','ENGL101','80000322');
INSERT INTO HR_PEOPLE(id, surname, givenName) VALUES ('80000323','Smith','Jo');
INSERT INTO HR_PEOPLE_ROLES(id, role) VALUES ('80000323','student');
INSERT INTO SIS_COURSES (termId, courseId, studentId) VALUES ('201810','MATH101','80000323');
INSERT INTO HR_PEOPLE(id, surname, givenName) VALUES ('80000324','Williams','Mary');
INSERT INTO HR_PEOPLE_ROLES(id, role) VALUES ('80000324','community');
INSERT INTO HR_PEOPLE(id, surname, givenName) VALUES ('80000325','Martinez','James');
INSERT INTO HR_PEOPLE_ROLES(id, role) VALUES ('80000325','faculty');
INSERT INTO SIS_COURSES (termId, courseId, studentId) VALUES ('201810','ENGL101','80000325');
INSERT INTO SIS_COURSES (termId, courseId, studentId) VALUES ('201810','MATH101','80000325');
INSERT INTO SIS_COURSES (termId, courseId, studentId) VALUES ('201810','ENGL102','80000325');
INSERT INTO HR_PEOPLE(id, surname, givenName) VALUES ('80000326','Davis','Maddie');
INSERT INTO HR_PEOPLE_ROLES(id, role) VALUES ('80000326','faculty');
INSERT INTO SIS_COURSES (termId, courseId, studentId) VALUES ('201810','CS252','80000326');
INSERT INTO SIS_COURSES (termId, courseId, studentId) VALUES ('201810','MATH101','80000326');
INSERT INTO SIS_COURSES (termId, courseId, studentId) VALUES ('201810','SCI123','80000326');
INSERT INTO HR_PEOPLE(id, surname, givenName) VALUES ('80000327','Grady','John');
INSERT INTO HR_PEOPLE_ROLES(id, role) VALUES ('80000327','community');
INSERT INTO HR_PEOPLE_ROLES(id, role) VALUES ('80000327','faculty');
INSERT INTO SIS_COURSES (termId, courseId, studentId) VALUES ('201810','ENGL201','80000327');
INSERT INTO HR_PEOPLE(id, surname, givenName) VALUES ('80000328','Martinez','Emma');
INSERT INTO HR_PEOPLE_ROLES(id, role) VALUES ('80000328','faculty');
INSERT INTO SIS_COURSES (termId, courseId, studentId) VALUES ('201810','ENGL102','80000328');
INSERT INTO SIS_COURSES (termId, courseId, studentId) VALUES ('201810','CS251','80000328');
INSERT INTO SIS_COURSES (termId, courseId, studentId) VALUES ('201810','ACCT101','80000328');
INSERT INTO HR_PEOPLE(id, surname, givenName) VALUES ('80000329','Price','Lisa');
INSERT INTO HR_PEOPLE_ROLES(id, role) VALUES ('80000329','staff');
INSERT INTO HR_PEOPLE_ROLES(id, role) VALUES ('80000329','faculty');
INSERT INTO SIS_COURSES (termId, courseId, studentId) VALUES ('201810','ENGL101','80000329');
INSERT INTO HR_PEOPLE(id, surname, givenName) VALUES ('80000330','Walters','Emma');
INSERT INTO HR_PEOPLE_ROLES(id, role) VALUES ('80000330','community');
INSERT INTO HR_PEOPLE_ROLES(id, role) VALUES ('80000330','staff');
INSERT INTO HR_PEOPLE(id, surname, givenName) VALUES ('80000331','Langenberg','Jennifer');
INSERT INTO HR_PEOPLE_ROLES(id, role) VALUES ('80000331','faculty');
INSERT INTO SIS_COURSES (termId, courseId, studentId) VALUES ('201810','ENGL102','80000331');
INSERT INTO HR_PEOPLE(id, surname, givenName) VALUES ('80000332','Grady','Debbie');
INSERT INTO HR_PEOPLE_ROLES(id, role) VALUES ('80000332','staff');
INSERT INTO HR_PEOPLE(id, surname, givenName) VALUES ('80000333','Scott','Anna');
INSERT INTO HR_PEOPLE_ROLES(id, role) VALUES ('80000333','student');
INSERT INTO SIS_COURSES (termId, courseId, studentId) VALUES ('201810','ACCT201','80000333');
INSERT INTO SIS_COURSES (termId, courseId, studentId) VALUES ('201810','SCI123','80000333');
INSERT INTO SIS_COURSES (termId, courseId, studentId) VALUES ('201810','ENGL102','80000333');
INSERT INTO HR_PEOPLE(id, surname, givenName) VALUES ('80000334','Gonazles','Lisa');
INSERT INTO HR_PEOPLE_ROLES(id, role) VALUES ('80000334','faculty');
INSERT INTO SIS_COURSES (termId, courseId, studentId) VALUES ('201810','SCI404','80000334');
INSERT INTO SIS_COURSES (termId, courseId, studentId) VALUES ('201810','ENGL101','80000334');
INSERT INTO SIS_COURSES (termId, courseId, studentId) VALUES ('201810','ENGL102','80000334');
INSERT INTO HR_PEOPLE(id, surname, givenName) VALUES ('80000335','Roberts','Adian');
INSERT INTO HR_PEOPLE_ROLES(id, role) VALUES ('80000335','student');
INSERT INTO HR_PEOPLE_ROLES(id, role) VALUES ('80000335','community');
INSERT INTO SIS_COURSES (termId, courseId, studentId) VALUES ('201810','MATH101','80000335');
INSERT INTO SIS_COURSES (termId, courseId, studentId) VALUES ('201810','SCI123','80000335');
INSERT INTO SIS_COURSES (termId, courseId, studentId) VALUES ('201810','ENGL201','80000335');
INSERT INTO SIS_COURSES (termId, courseId, studentId) VALUES ('201810','SCI404','80000335');
INSERT INTO HR_PEOPLE(id, surname, givenName) VALUES ('80000336','Gasper','Donna');
INSERT INTO HR_PEOPLE_ROLES(id, role) VALUES ('80000336','student');
INSERT INTO SIS_COURSES (termId, courseId, studentId) VALUES ('201810','HIST102','80000336');
INSERT INTO HR_PEOPLE(id, surname, givenName) VALUES ('80000337','Grady','Mary');
INSERT INTO HR_PEOPLE_ROLES(id, role) VALUES ('80000337','community');
INSERT INTO HR_PEOPLE(id, surname, givenName) VALUES ('80000338','Lopez','Anna');
INSERT INTO HR_PEOPLE_ROLES(id, role) VALUES ('80000338','staff');
INSERT INTO HR_PEOPLE(id, surname, givenName) VALUES ('80000339','Langenberg','Christopher');
INSERT INTO HR_PEOPLE(id, surname, givenName) VALUES ('80000340','Smith','Jo');
INSERT INTO HR_PEOPLE_ROLES(id, role) VALUES ('80000340','faculty');
INSERT INTO HR_PEOPLE_ROLES(id, role) VALUES ('80000340','student');
INSERT INTO SIS_COURSES (termId, courseId, studentId) VALUES ('201810','ACCT101','80000340');
INSERT INTO HR_PEOPLE(id, surname, givenName) VALUES ('80000341','Smith','Christina');
INSERT INTO HR_PEOPLE_ROLES(id, role) VALUES ('80000341','student');
INSERT INTO SIS_COURSES (termId, courseId, studentId) VALUES ('201810','HIST101','80000341');
INSERT INTO SIS_COURSES (termId, courseId, studentId) VALUES ('201810','ACCT201','80000341');
INSERT INTO SIS_COURSES (termId, courseId, studentId) VALUES ('201810','MATH100','80000341');
INSERT INTO SIS_COURSES (termId, courseId, studentId) VALUES ('201810','SCI404','80000341');
INSERT INTO HR_PEOPLE(id, surname, givenName) VALUES ('80000342','Vales','Mia');
INSERT INTO HR_PEOPLE_ROLES(id, role) VALUES ('80000342','faculty');
INSERT INTO SIS_COURSES (termId, courseId, studentId) VALUES ('201810','HIST101','80000342');
INSERT INTO HR_PEOPLE(id, surname, givenName) VALUES ('80000343','Lee','Karl');
INSERT INTO HR_PEOPLE_ROLES(id, role) VALUES ('80000343','student');
INSERT INTO SIS_COURSES (termId, courseId, studentId) VALUES ('201810','CS252','80000343');
INSERT INTO HR_PEOPLE(id, surname, givenName) VALUES ('80000344','Nielson','Michael');
INSERT INTO HR_PEOPLE_ROLES(id, role) VALUES ('80000344','staff');
INSERT INTO HR_PEOPLE(id, surname, givenName) VALUES ('80000345','Lopez','Erik');
INSERT INTO HR_PEOPLE_ROLES(id, role) VALUES ('80000345','student');
INSERT INTO SIS_COURSES (termId, courseId, studentId) VALUES ('201810','CS252','80000345');
INSERT INTO SIS_COURSES (termId, courseId, studentId) VALUES ('201810','ENGL201','80000345');
INSERT INTO HR_PEOPLE(id, surname, givenName) VALUES ('80000346','Peterson','Megan');
INSERT INTO HR_PEOPLE_ROLES(id, role) VALUES ('80000346','faculty');
INSERT INTO SIS_COURSES (termId, courseId, studentId) VALUES ('201810','HIST101','80000346');
INSERT INTO SIS_COURSES (termId, courseId, studentId) VALUES ('201810','ENGL201','80000346');
INSERT INTO HR_PEOPLE(id, surname, givenName) VALUES ('80000347','Morrison','William');
INSERT INTO HR_PEOPLE(id, surname, givenName) VALUES ('80000348','Butler','Heather');
INSERT INTO HR_PEOPLE_ROLES(id, role) VALUES ('80000348','faculty');
INSERT INTO SIS_COURSES (termId, courseId, studentId) VALUES ('201810','MATH100','80000348');
INSERT INTO SIS_COURSES (termId, courseId, studentId) VALUES ('201810','CS251','80000348');
INSERT INTO HR_PEOPLE(id, surname, givenName) VALUES ('80000349','Doe','Erik');
INSERT INTO HR_PEOPLE_ROLES(id, role) VALUES ('80000349','staff');
INSERT INTO HR_PEOPLE(id, surname, givenName) VALUES ('80000350','Grady','Megan');
INSERT INTO HR_PEOPLE_ROLES(id, role) VALUES ('80000350','faculty');
INSERT INTO SIS_COURSES (termId, courseId, studentId) VALUES ('201810','HIST102','80000350');
INSERT INTO SIS_COURSES (termId, courseId, studentId) VALUES ('201810','CS251','80000350');
INSERT INTO HR_PEOPLE(id, surname, givenName) VALUES ('80000351','Scott','Greg');
INSERT INTO HR_PEOPLE_ROLES(id, role) VALUES ('80000351','faculty');
INSERT INTO SIS_COURSES (termId, courseId, studentId) VALUES ('201810','HIST102','80000351');
INSERT INTO SIS_COURSES (termId, courseId, studentId) VALUES ('201810','SCI123','80000351');
INSERT INTO HR_PEOPLE(id, surname, givenName) VALUES ('80000352','Butler','Erik');
INSERT INTO HR_PEOPLE_ROLES(id, role) VALUES ('80000352','faculty');
INSERT INTO SIS_COURSES (termId, courseId, studentId) VALUES ('201810','ACCT101','80000352');
INSERT INTO SIS_COURSES (termId, courseId, studentId) VALUES ('201810','CS252','80000352');
INSERT INTO SIS_COURSES (termId, courseId, studentId) VALUES ('201810','HIST101','80000352');
INSERT INTO HR_PEOPLE(id, surname, givenName) VALUES ('80000353','Gasper','Jo');
INSERT INTO HR_PEOPLE(id, surname, givenName) VALUES ('80000354','Peterson','Robert');
INSERT INTO HR_PEOPLE(id, surname, givenName) VALUES ('80000355','Davis','Greg');
INSERT INTO HR_PEOPLE_ROLES(id, role) VALUES ('80000355','community');
INSERT INTO HR_PEOPLE_ROLES(id, role) VALUES ('80000355','student');
INSERT INTO SIS_COURSES (termId, courseId, studentId) VALUES ('201810','HIST101','80000355');
INSERT INTO HR_PEOPLE(id, surname, givenName) VALUES ('80000356','Peterson','Heather');
INSERT INTO HR_PEOPLE_ROLES(id, role) VALUES ('80000356','community');
INSERT INTO HR_PEOPLE_ROLES(id, role) VALUES ('80000356','student');
INSERT INTO SIS_COURSES (termId, courseId, studentId) VALUES ('201810','ENGL101','80000356');
INSERT INTO SIS_COURSES (termId, courseId, studentId) VALUES ('201810','ACCT101','80000356');
INSERT INTO SIS_COURSES (termId, courseId, studentId) VALUES ('201810','MATH100','80000356');
INSERT INTO SIS_COURSES (termId, courseId, studentId) VALUES ('201810','CS251','80000356');
INSERT INTO HR_PEOPLE(id, surname, givenName) VALUES ('80000357','Lopez','Greg');
INSERT INTO HR_PEOPLE_ROLES(id, role) VALUES ('80000357','staff');
INSERT INTO HR_PEOPLE_ROLES(id, role) VALUES ('80000357','student');
INSERT INTO SIS_COURSES (termId, courseId, studentId) VALUES ('201810','ACCT101','80000357');
INSERT INTO SIS_COURSES (termId, courseId, studentId) VALUES ('201810','MATH100','80000357');
INSERT INTO SIS_COURSES (termId, courseId, studentId) VALUES ('201810','ENGL201','80000357');
INSERT INTO HR_PEOPLE(id, surname, givenName) VALUES ('80000358','Lee','Claire');
INSERT INTO HR_PEOPLE_ROLES(id, role) VALUES ('80000358','community');
INSERT INTO HR_PEOPLE(id, surname, givenName) VALUES ('80000359','Williams','Isabella');
INSERT INTO HR_PEOPLE(id, surname, givenName) VALUES ('80000360','Nielson','Greg');
INSERT INTO HR_PEOPLE_ROLES(id, role) VALUES ('80000360','faculty');
INSERT INTO SIS_COURSES (termId, courseId, studentId) VALUES ('201810','MATH101','80000360');
INSERT INTO SIS_COURSES (termId, courseId, studentId) VALUES ('201810','HIST101','80000360');
INSERT INTO SIS_COURSES (termId, courseId, studentId) VALUES ('201810','MATH100','80000360');
INSERT INTO HR_PEOPLE(id, surname, givenName) VALUES ('80000361','Doe','Sarah');
INSERT INTO HR_PEOPLE_ROLES(id, role) VALUES ('80000361','staff');
INSERT INTO HR_PEOPLE(id, surname, givenName) VALUES ('80000362','Clark','Jeremy');
INSERT INTO HR_PEOPLE_ROLES(id, role) VALUES ('80000362','faculty');
INSERT INTO HR_PEOPLE_ROLES(id, role) VALUES ('80000362','student');
INSERT INTO SIS_COURSES (termId, courseId, studentId) VALUES ('201810','CS252','80000362');
INSERT INTO SIS_COURSES (termId, courseId, studentId) VALUES ('201810','SCI123','80000362');
INSERT INTO HR_PEOPLE(id, surname, givenName) VALUES ('80000363','Price','Amber');
INSERT INTO HR_PEOPLE_ROLES(id, role) VALUES ('80000363','staff');
INSERT INTO HR_PEOPLE_ROLES(id, role) VALUES ('80000363','faculty');
INSERT INTO SIS_COURSES (termId, courseId, studentId) VALUES ('201810','MATH100','80000363');
INSERT INTO SIS_COURSES (termId, courseId, studentId) VALUES ('201810','SCI404','80000363');
INSERT INTO HR_PEOPLE(id, surname, givenName) VALUES ('80000364','Walters','Marie');
INSERT INTO HR_PEOPLE_ROLES(id, role) VALUES ('80000364','community');
INSERT INTO HR_PEOPLE_ROLES(id, role) VALUES ('80000364','faculty');
INSERT INTO SIS_COURSES (termId, courseId, studentId) VALUES ('201810','ACCT101','80000364');
INSERT INTO HR_PEOPLE(id, surname, givenName) VALUES ('80000365','Vales','Steve');
INSERT INTO HR_PEOPLE_ROLES(id, role) VALUES ('80000365','student');
INSERT INTO HR_PEOPLE_ROLES(id, role) VALUES ('80000365','community');
INSERT INTO SIS_COURSES (termId, courseId, studentId) VALUES ('201810','MATH101','80000365');
INSERT INTO SIS_COURSES (termId, courseId, studentId) VALUES ('201810','HIST101','80000365');
INSERT INTO SIS_COURSES (termId, courseId, studentId) VALUES ('201810','ACCT101','80000365');
INSERT INTO HR_PEOPLE(id, surname, givenName) VALUES ('80000366','Thompson','Sophia');
INSERT INTO HR_PEOPLE_ROLES(id, role) VALUES ('80000366','community');
INSERT INTO HR_PEOPLE(id, surname, givenName) VALUES ('80000367','Vales','Sarah');
INSERT INTO HR_PEOPLE_ROLES(id, role) VALUES ('80000367','staff');
INSERT INTO HR_PEOPLE_ROLES(id, role) VALUES ('80000367','faculty');
INSERT INTO SIS_COURSES (termId, courseId, studentId) VALUES ('201810','CS252','80000367');
INSERT INTO SIS_COURSES (termId, courseId, studentId) VALUES ('201810','HIST102','80000367');
INSERT INTO SIS_COURSES (termId, courseId, studentId) VALUES ('201810','ENGL102','80000367');
INSERT INTO SIS_COURSES (termId, courseId, studentId) VALUES ('201810','ACCT201','80000367');
INSERT INTO HR_PEOPLE(id, surname, givenName) VALUES ('80000368','Smith','Donna');
INSERT INTO HR_PEOPLE_ROLES(id, role) VALUES ('80000368','staff');
INSERT INTO HR_PEOPLE(id, surname, givenName) VALUES ('80000369','Butler','Robert');
INSERT INTO HR_PEOPLE_ROLES(id, role) VALUES ('80000369','faculty');
INSERT INTO SIS_COURSES (termId, courseId, studentId) VALUES ('201810','SCI123','80000369');
INSERT INTO SIS_COURSES (termId, courseId, studentId) VALUES ('201810','ENGL201','80000369');
INSERT INTO SIS_COURSES (termId, courseId, studentId) VALUES ('201810','MATH101','80000369');
INSERT INTO HR_PEOPLE(id, surname, givenName) VALUES ('80000370','Nielson','Robert');
INSERT INTO HR_PEOPLE_ROLES(id, role) VALUES ('80000370','faculty');
INSERT INTO SIS_COURSES (termId, courseId, studentId) VALUES ('201810','ACCT201','80000370');
INSERT INTO HR_PEOPLE(id, surname, givenName) VALUES ('80000371','White','Isabella');
INSERT INTO HR_PEOPLE_ROLES(id, role) VALUES ('80000371','community');
INSERT INTO HR_PEOPLE(id, surname, givenName) VALUES ('80000372','Vales','Kim');
INSERT INTO HR_PEOPLE_ROLES(id, role) VALUES ('80000372','staff');
INSERT INTO HR_PEOPLE_ROLES(id, role) VALUES ('80000372','faculty');
INSERT INTO SIS_COURSES (termId, courseId, studentId) VALUES ('201810','CS251','80000372');
INSERT INTO SIS_COURSES (termId, courseId, studentId) VALUES ('201810','SCI123','80000372');
INSERT INTO HR_PEOPLE(id, surname, givenName) VALUES ('80000373','Davis','Stephanie');
INSERT INTO HR_PEOPLE_ROLES(id, role) VALUES ('80000373','staff');
INSERT INTO HR_PEOPLE_ROLES(id, role) VALUES ('80000373','community');
INSERT INTO HR_PEOPLE(id, surname, givenName) VALUES ('80000374','Clark','Adian');
INSERT INTO HR_PEOPLE_ROLES(id, role) VALUES ('80000374','student');
INSERT INTO HR_PEOPLE_ROLES(id, role) VALUES ('80000374','community');
INSERT INTO SIS_COURSES (termId, courseId, studentId) VALUES ('201810','MATH100','80000374');
INSERT INTO SIS_COURSES (termId, courseId, studentId) VALUES ('201810','SCI123','80000374');
INSERT INTO SIS_COURSES (termId, courseId, studentId) VALUES ('201810','ENGL201','80000374');
INSERT INTO HR_PEOPLE(id, surname, givenName) VALUES ('80000375','Martinez','Perry');
INSERT INTO HR_PEOPLE_ROLES(id, role) VALUES ('80000375','community');
INSERT INTO HR_PEOPLE_ROLES(id, role) VALUES ('80000375','student');
INSERT INTO SIS_COURSES (termId, courseId, studentId) VALUES ('201810','HIST101','80000375');
INSERT INTO SIS_COURSES (termId, courseId, studentId) VALUES ('201810','ACCT101','80000375');
INSERT INTO SIS_COURSES (termId, courseId, studentId) VALUES ('201810','SCI123','80000375');
INSERT INTO SIS_COURSES (termId, courseId, studentId) VALUES ('201810','CS251','80000375');
INSERT INTO HR_PEOPLE(id, surname, givenName) VALUES ('80000376','Lopez','Paul');
INSERT INTO HR_PEOPLE(id, surname, givenName) VALUES ('80000377','Grady','Michael');
INSERT INTO HR_PEOPLE_ROLES(id, role) VALUES ('80000377','student');
INSERT INTO SIS_COURSES (termId, courseId, studentId) VALUES ('201810','ACCT101','80000377');
INSERT INTO SIS_COURSES (termId, courseId, studentId) VALUES ('201810','SCI123','80000377');
INSERT INTO SIS_COURSES (termId, courseId, studentId) VALUES ('201810','ENGL102','80000377');
INSERT INTO HR_PEOPLE(id, surname, givenName) VALUES ('80000378','Henderson','Maddie');
INSERT INTO HR_PEOPLE_ROLES(id, role) VALUES ('80000378','staff');
INSERT INTO HR_PEOPLE_ROLES(id, role) VALUES ('80000378','faculty');
INSERT INTO SIS_COURSES (termId, courseId, studentId) VALUES ('201810','ACCT201','80000378');
INSERT INTO SIS_COURSES (termId, courseId, studentId) VALUES ('201810','CS252','80000378');
INSERT INTO HR_PEOPLE(id, surname, givenName) VALUES ('80000379','Nielson','Anna');
INSERT INTO HR_PEOPLE_ROLES(id, role) VALUES ('80000379','community');
INSERT INTO HR_PEOPLE(id, surname, givenName) VALUES ('80000380','Davis','Anna');
INSERT INTO HR_PEOPLE_ROLES(id, role) VALUES ('80000380','community');
INSERT INTO HR_PEOPLE(id, surname, givenName) VALUES ('80000381','Butler','Mark');
INSERT INTO HR_PEOPLE_ROLES(id, role) VALUES ('80000381','faculty');
INSERT INTO SIS_COURSES (termId, courseId, studentId) VALUES ('201810','ACCT201','80000381');
INSERT INTO SIS_COURSES (termId, courseId, studentId) VALUES ('201810','ACCT101','80000381');
INSERT INTO SIS_COURSES (termId, courseId, studentId) VALUES ('201810','HIST102','80000381');
INSERT INTO HR_PEOPLE(id, surname, givenName) VALUES ('80000382','Butler','Greg');
INSERT INTO HR_PEOPLE_ROLES(id, role) VALUES ('80000382','community');
INSERT INTO HR_PEOPLE(id, surname, givenName) VALUES ('80000383','Scott','Lori');
INSERT INTO HR_PEOPLE_ROLES(id, role) VALUES ('80000383','staff');
INSERT INTO HR_PEOPLE_ROLES(id, role) VALUES ('80000383','student');
INSERT INTO SIS_COURSES (termId, courseId, studentId) VALUES ('201810','CS251','80000383');
INSERT INTO SIS_COURSES (termId, courseId, studentId) VALUES ('201810','SCI123','80000383');
INSERT INTO SIS_COURSES (termId, courseId, studentId) VALUES ('201810','ACCT201','80000383');
INSERT INTO SIS_COURSES (termId, courseId, studentId) VALUES ('201810','HIST102','80000383');
INSERT INTO HR_PEOPLE(id, surname, givenName) VALUES ('80000384','Lopez','Claire');
INSERT INTO HR_PEOPLE_ROLES(id, role) VALUES ('80000384','student');
INSERT INTO HR_PEOPLE_ROLES(id, role) VALUES ('80000384','community');
INSERT INTO SIS_COURSES (termId, courseId, studentId) VALUES ('201810','SCI123','80000384');
INSERT INTO SIS_COURSES (termId, courseId, studentId) VALUES ('201810','ENGL101','80000384');
INSERT INTO SIS_COURSES (termId, courseId, studentId) VALUES ('201810','SCI404','80000384');
INSERT INTO HR_PEOPLE(id, surname, givenName) VALUES ('80000385','Doe','Erik');
INSERT INTO HR_PEOPLE_ROLES(id, role) VALUES ('80000385','staff');
INSERT INTO HR_PEOPLE(id, surname, givenName) VALUES ('80000386','Price','Christina');
INSERT INTO HR_PEOPLE_ROLES(id, role) VALUES ('80000386','faculty');
INSERT INTO SIS_COURSES (termId, courseId, studentId) VALUES ('201810','CS251','80000386');
INSERT INTO HR_PEOPLE(id, surname, givenName) VALUES ('80000387','Gonazles','Paul');
INSERT INTO HR_PEOPLE_ROLES(id, role) VALUES ('80000387','faculty');
INSERT INTO SIS_COURSES (termId, courseId, studentId) VALUES ('201810','HIST101','80000387');
INSERT INTO HR_PEOPLE(id, surname, givenName) VALUES ('80000388','Peterson','Andrew');
INSERT INTO HR_PEOPLE_ROLES(id, role) VALUES ('80000388','community');
INSERT INTO HR_PEOPLE_ROLES(id, role) VALUES ('80000388','faculty');
INSERT INTO SIS_COURSES (termId, courseId, studentId) VALUES ('201810','ENGL201','80000388');
INSERT INTO SIS_COURSES (termId, courseId, studentId) VALUES ('201810','HIST102','80000388');
INSERT INTO SIS_COURSES (termId, courseId, studentId) VALUES ('201810','SCI404','80000388');
INSERT INTO SIS_COURSES (termId, courseId, studentId) VALUES ('201810','HIST101','80000388');
INSERT INTO HR_PEOPLE(id, surname, givenName) VALUES ('80000389','Lee','William');
INSERT INTO HR_PEOPLE_ROLES(id, role) VALUES ('80000389','staff');
INSERT INTO HR_PEOPLE(id, surname, givenName) VALUES ('80000390','Vales','Mary');
INSERT INTO HR_PEOPLE_ROLES(id, role) VALUES ('80000390','faculty');
INSERT INTO HR_PEOPLE_ROLES(id, role) VALUES ('80000390','student');
INSERT INTO SIS_COURSES (termId, courseId, studentId) VALUES ('201810','SCI404','80000390');
INSERT INTO SIS_COURSES (termId, courseId, studentId) VALUES ('201810','HIST101','80000390');
INSERT INTO SIS_COURSES (termId, courseId, studentId) VALUES ('201810','CS251','80000390');
INSERT INTO HR_PEOPLE(id, surname, givenName) VALUES ('80000391','Lewis','Megan');
INSERT INTO HR_PEOPLE_ROLES(id, role) VALUES ('80000391','staff');
INSERT INTO HR_PEOPLE(id, surname, givenName) VALUES ('80000392','Roberts','Marie');
INSERT INTO HR_PEOPLE_ROLES(id, role) VALUES ('80000392','staff');
INSERT INTO HR_PEOPLE_ROLES(id, role) VALUES ('80000392','student');
INSERT INTO SIS_COURSES (termId, courseId, studentId) VALUES ('201810','SCI123','80000392');
INSERT INTO SIS_COURSES (termId, courseId, studentId) VALUES ('201810','MATH100','80000392');
INSERT INTO SIS_COURSES (termId, courseId, studentId) VALUES ('201810','CS252','80000392');
INSERT INTO HR_PEOPLE(id, surname, givenName) VALUES ('80000393','Thompson','Bill');
INSERT INTO HR_PEOPLE_ROLES(id, role) VALUES ('80000393','staff');
INSERT INTO HR_PEOPLE(id, surname, givenName) VALUES ('80000394','Davis','John');
INSERT INTO HR_PEOPLE_ROLES(id, role) VALUES ('80000394','student');
INSERT INTO SIS_COURSES (termId, courseId, studentId) VALUES ('201810','SCI123','80000394');
INSERT INTO SIS_COURSES (termId, courseId, studentId) VALUES ('201810','ACCT101','80000394');
INSERT INTO HR_PEOPLE(id, surname, givenName) VALUES ('80000395','Thompson','Steve');
INSERT INTO HR_PEOPLE_ROLES(id, role) VALUES ('80000395','student');
INSERT INTO SIS_COURSES (termId, courseId, studentId) VALUES ('201810','HIST101','80000395');
INSERT INTO HR_PEOPLE(id, surname, givenName) VALUES ('80000396','Clark','Christopher');
INSERT INTO HR_PEOPLE_ROLES(id, role) VALUES ('80000396','faculty');
INSERT INTO SIS_COURSES (termId, courseId, studentId) VALUES ('201810','SCI404','80000396');
INSERT INTO SIS_COURSES (termId, courseId, studentId) VALUES ('201810','ACCT101','80000396');
INSERT INTO SIS_COURSES (termId, courseId, studentId) VALUES ('201810','ACCT201','80000396');
INSERT INTO HR_PEOPLE(id, surname, givenName) VALUES ('80000397','Morrison','Perry');
INSERT INTO HR_PEOPLE_ROLES(id, role) VALUES ('80000397','faculty');
INSERT INTO SIS_COURSES (termId, courseId, studentId) VALUES ('201810','ENGL201','80000397');
INSERT INTO SIS_COURSES (termId, courseId, studentId) VALUES ('201810','MATH100','80000397');
INSERT INTO SIS_COURSES (termId, courseId, studentId) VALUES ('201810','HIST102','80000397');
INSERT INTO SIS_COURSES (termId, courseId, studentId) VALUES ('201810','HIST101','80000397');
INSERT INTO HR_PEOPLE(id, surname, givenName) VALUES ('80000398','Henderson','Olivia');
INSERT INTO HR_PEOPLE(id, surname, givenName) VALUES ('80000399','Lopez','Lisa');
INSERT INTO HR_PEOPLE_ROLES(id, role) VALUES ('80000399','student');
INSERT INTO HR_PEOPLE_ROLES(id, role) VALUES ('80000399','staff');
INSERT INTO SIS_COURSES (termId, courseId, studentId) VALUES ('201810','HIST101','80000399');
INSERT INTO HR_PEOPLE(id, surname, givenName) VALUES ('80000400','Lewis','Maddie');
INSERT INTO HR_PEOPLE_ROLES(id, role) VALUES ('80000400','faculty');
INSERT INTO HR_PEOPLE_ROLES(id, role) VALUES ('80000400','student');
INSERT INTO SIS_COURSES (termId, courseId, studentId) VALUES ('201810','ENGL102','80000400');
INSERT INTO SIS_COURSES (termId, courseId, studentId) VALUES ('201810','ACCT201','80000400');
INSERT INTO SIS_COURSES (termId, courseId, studentId) VALUES ('201810','SCI123','80000400');
INSERT INTO SIS_COURSES (termId, courseId, studentId) VALUES ('201810','ENGL201','80000400');
INSERT INTO HR_PEOPLE(id, surname, givenName) VALUES ('80000401','Williams','Eric');
INSERT INTO HR_PEOPLE_ROLES(id, role) VALUES ('80000401','student');
INSERT INTO SIS_COURSES (termId, courseId, studentId) VALUES ('201810','CS251','80000401');
INSERT INTO HR_PEOPLE(id, surname, givenName) VALUES ('80000402','Vales','Emma');
INSERT INTO HR_PEOPLE(id, surname, givenName) VALUES ('80000403','Brown','Debbie');
INSERT INTO HR_PEOPLE_ROLES(id, role) VALUES ('80000403','community');
INSERT INTO HR_PEOPLE(id, surname, givenName) VALUES ('80000404','Nielson','Sophia');
INSERT INTO HR_PEOPLE_ROLES(id, role) VALUES ('80000404','community');
INSERT INTO HR_PEOPLE(id, surname, givenName) VALUES ('80000405','Walters','David');
INSERT INTO HR_PEOPLE_ROLES(id, role) VALUES ('80000405','community');
INSERT INTO HR_PEOPLE_ROLES(id, role) VALUES ('80000405','student');
INSERT INTO SIS_COURSES (termId, courseId, studentId) VALUES ('201810','ENGL101','80000405');
INSERT INTO SIS_COURSES (termId, courseId, studentId) VALUES ('201810','ACCT201','80000405');
INSERT INTO SIS_COURSES (termId, courseId, studentId) VALUES ('201810','CS252','80000405');
INSERT INTO HR_PEOPLE(id, surname, givenName) VALUES ('80000406','Williams','Jennifer');
INSERT INTO HR_PEOPLE(id, surname, givenName) VALUES ('80000407','Morrison','Ava');
INSERT INTO HR_PEOPLE_ROLES(id, role) VALUES ('80000407','faculty');
INSERT INTO HR_PEOPLE_ROLES(id, role) VALUES ('80000407','staff');
INSERT INTO SIS_COURSES (termId, courseId, studentId) VALUES ('201810','ENGL102','80000407');
INSERT INTO HR_PEOPLE(id, surname, givenName) VALUES ('80000408','Doe','Lori');
INSERT INTO HR_PEOPLE_ROLES(id, role) VALUES ('80000408','student');
INSERT INTO HR_PEOPLE_ROLES(id, role) VALUES ('80000408','community');
INSERT INTO SIS_COURSES (termId, courseId, studentId) VALUES ('201810','CS252','80000408');
INSERT INTO SIS_COURSES (termId, courseId, studentId) VALUES ('201810','SCI404','80000408');
INSERT INTO SIS_COURSES (termId, courseId, studentId) VALUES ('201810','HIST101','80000408');
INSERT INTO SIS_COURSES (termId, courseId, studentId) VALUES ('201810','ENGL101','80000408');
INSERT INTO HR_PEOPLE(id, surname, givenName) VALUES ('80000409','Brown','Lisa');
INSERT INTO HR_PEOPLE_ROLES(id, role) VALUES ('80000409','faculty');
INSERT INTO SIS_COURSES (termId, courseId, studentId) VALUES ('201810','MATH100','80000409');
INSERT INTO HR_PEOPLE(id, surname, givenName) VALUES ('80000410','Johnson','Andrew');
INSERT INTO HR_PEOPLE_ROLES(id, role) VALUES ('80000410','faculty');
INSERT INTO SIS_COURSES (termId, courseId, studentId) VALUES ('201810','ENGL201','80000410');
INSERT INTO SIS_COURSES (termId, courseId, studentId) VALUES ('201810','SCI404','80000410');
INSERT INTO SIS_COURSES (termId, courseId, studentId) VALUES ('201810','CS251','80000410');
INSERT INTO SIS_COURSES (termId, courseId, studentId) VALUES ('201810','ENGL101','80000410');
INSERT INTO HR_PEOPLE(id, surname, givenName) VALUES ('80000411','Martinez','Ann');
INSERT INTO HR_PEOPLE_ROLES(id, role) VALUES ('80000411','staff');
INSERT INTO HR_PEOPLE(id, surname, givenName) VALUES ('80000412','Nielson','Mary');
INSERT INTO HR_PEOPLE_ROLES(id, role) VALUES ('80000412','faculty');
INSERT INTO SIS_COURSES (termId, courseId, studentId) VALUES ('201810','MATH100','80000412');
INSERT INTO SIS_COURSES (termId, courseId, studentId) VALUES ('201810','SCI123','80000412');
INSERT INTO SIS_COURSES (termId, courseId, studentId) VALUES ('201810','ENGL101','80000412');
INSERT INTO HR_PEOPLE(id, surname, givenName) VALUES ('80000413','Vales','Robert');
INSERT INTO HR_PEOPLE_ROLES(id, role) VALUES ('80000413','staff');
INSERT INTO HR_PEOPLE(id, surname, givenName) VALUES ('80000414','Clark','Mary');
INSERT INTO HR_PEOPLE_ROLES(id, role) VALUES ('80000414','community');
INSERT INTO HR_PEOPLE(id, surname, givenName) VALUES ('80000415','Smith','Emma');
INSERT INTO HR_PEOPLE_ROLES(id, role) VALUES ('80000415','faculty');
INSERT INTO SIS_COURSES (termId, courseId, studentId) VALUES ('201810','MATH101','80000415');
INSERT INTO HR_PEOPLE(id, surname, givenName) VALUES ('80000416','Lopez','Eric');
INSERT INTO HR_PEOPLE_ROLES(id, role) VALUES ('80000416','staff');
INSERT INTO HR_PEOPLE_ROLES(id, role) VALUES ('80000416','community');
INSERT INTO HR_PEOPLE(id, surname, givenName) VALUES ('80000417','Smith','Christina');
INSERT INTO HR_PEOPLE_ROLES(id, role) VALUES ('80000417','community');
INSERT INTO HR_PEOPLE_ROLES(id, role) VALUES ('80000417','faculty');
INSERT INTO SIS_COURSES (termId, courseId, studentId) VALUES ('201810','ENGL102','80000417');
INSERT INTO SIS_COURSES (termId, courseId, studentId) VALUES ('201810','ACCT101','80000417');
INSERT INTO HR_PEOPLE(id, surname, givenName) VALUES ('80000418','Clark','Jeremy');
INSERT INTO HR_PEOPLE_ROLES(id, role) VALUES ('80000418','faculty');
INSERT INTO SIS_COURSES (termId, courseId, studentId) VALUES ('201810','MATH100','80000418');
INSERT INTO SIS_COURSES (termId, courseId, studentId) VALUES ('201810','ENGL102','80000418');
INSERT INTO SIS_COURSES (termId, courseId, studentId) VALUES ('201810','CS252','80000418');
INSERT INTO HR_PEOPLE(id, surname, givenName) VALUES ('80000419','Grady','William');
INSERT INTO HR_PEOPLE_ROLES(id, role) VALUES ('80000419','faculty');
INSERT INTO HR_PEOPLE_ROLES(id, role) VALUES ('80000419','community');
INSERT INTO SIS_COURSES (termId, courseId, studentId) VALUES ('201810','HIST102','80000419');
INSERT INTO HR_PEOPLE(id, surname, givenName) VALUES ('80000420','Butler','Ava');
INSERT INTO HR_PEOPLE_ROLES(id, role) VALUES ('80000420','faculty');
INSERT INTO SIS_COURSES (termId, courseId, studentId) VALUES ('201810','CS251','80000420');
INSERT INTO SIS_COURSES (termId, courseId, studentId) VALUES ('201810','CS252','80000420');
INSERT INTO SIS_COURSES (termId, courseId, studentId) VALUES ('201810','ENGL201','80000420');
INSERT INTO HR_PEOPLE(id, surname, givenName) VALUES ('80000421','Walters','David');
INSERT INTO HR_PEOPLE_ROLES(id, role) VALUES ('80000421','staff');
INSERT INTO HR_PEOPLE(id, surname, givenName) VALUES ('80000422','Henderson','Megan');
INSERT INTO HR_PEOPLE_ROLES(id, role) VALUES ('80000422','student');
INSERT INTO SIS_COURSES (termId, courseId, studentId) VALUES ('201810','MATH100','80000422');
INSERT INTO HR_PEOPLE(id, surname, givenName) VALUES ('80000423','Lewis','Jennifer');
INSERT INTO HR_PEOPLE_ROLES(id, role) VALUES ('80000423','faculty');
INSERT INTO SIS_COURSES (termId, courseId, studentId) VALUES ('201810','HIST102','80000423');
INSERT INTO SIS_COURSES (termId, courseId, studentId) VALUES ('201810','ENGL201','80000423');
INSERT INTO SIS_COURSES (termId, courseId, studentId) VALUES ('201810','ACCT101','80000423');
INSERT INTO HR_PEOPLE(id, surname, givenName) VALUES ('80000424','Gonazles','Michael');
INSERT INTO HR_PEOPLE_ROLES(id, role) VALUES ('80000424','student');
INSERT INTO SIS_COURSES (termId, courseId, studentId) VALUES ('201810','HIST102','80000424');
INSERT INTO SIS_COURSES (termId, courseId, studentId) VALUES ('201810','CS251','80000424');
INSERT INTO SIS_COURSES (termId, courseId, studentId) VALUES ('201810','ENGL201','80000424');
INSERT INTO HR_PEOPLE(id, surname, givenName) VALUES ('80000425','Roberts','Sophia');
INSERT INTO HR_PEOPLE_ROLES(id, role) VALUES ('80000425','faculty');
INSERT INTO HR_PEOPLE_ROLES(id, role) VALUES ('80000425','community');
INSERT INTO SIS_COURSES (termId, courseId, studentId) VALUES ('201810','ACCT101','80000425');
INSERT INTO SIS_COURSES (termId, courseId, studentId) VALUES ('201810','CS252','80000425');
INSERT INTO SIS_COURSES (termId, courseId, studentId) VALUES ('201810','HIST102','80000425');
INSERT INTO SIS_COURSES (termId, courseId, studentId) VALUES ('201810','ENGL101','80000425');
INSERT INTO HR_PEOPLE(id, surname, givenName) VALUES ('80000426','Henderson','Blake');
INSERT INTO HR_PEOPLE_ROLES(id, role) VALUES ('80000426','student');
INSERT INTO SIS_COURSES (termId, courseId, studentId) VALUES ('201810','ACCT101','80000426');
INSERT INTO SIS_COURSES (termId, courseId, studentId) VALUES ('201810','HIST101','80000426');
INSERT INTO HR_PEOPLE(id, surname, givenName) VALUES ('80000427','Walters','Donna');
INSERT INTO HR_PEOPLE_ROLES(id, role) VALUES ('80000427','faculty');
INSERT INTO SIS_COURSES (termId, courseId, studentId) VALUES ('201810','ACCT101','80000427');
INSERT INTO SIS_COURSES (termId, courseId, studentId) VALUES ('201810','SCI404','80000427');
INSERT INTO HR_PEOPLE(id, surname, givenName) VALUES ('80000428','Vales','Adian');
INSERT INTO HR_PEOPLE_ROLES(id, role) VALUES ('80000428','community');
INSERT INTO HR_PEOPLE_ROLES(id, role) VALUES ('80000428','student');
INSERT INTO SIS_COURSES (termId, courseId, studentId) VALUES ('201810','SCI404','80000428');
INSERT INTO SIS_COURSES (termId, courseId, studentId) VALUES ('201810','ACCT101','80000428');
INSERT INTO SIS_COURSES (termId, courseId, studentId) VALUES ('201810','MATH100','80000428');
INSERT INTO SIS_COURSES (termId, courseId, studentId) VALUES ('201810','SCI123','80000428');
INSERT INTO HR_PEOPLE(id, surname, givenName) VALUES ('80000429','Roberts','Emma');
INSERT INTO HR_PEOPLE_ROLES(id, role) VALUES ('80000429','student');
INSERT INTO SIS_COURSES (termId, courseId, studentId) VALUES ('201810','HIST102','80000429');
INSERT INTO HR_PEOPLE(id, surname, givenName) VALUES ('80000430','Clark','Robert');
INSERT INTO HR_PEOPLE_ROLES(id, role) VALUES ('80000430','staff');
INSERT INTO HR_PEOPLE_ROLES(id, role) VALUES ('80000430','student');
INSERT INTO SIS_COURSES (termId, courseId, studentId) VALUES ('201810','HIST101','80000430');
INSERT INTO SIS_COURSES (termId, courseId, studentId) VALUES ('201810','ACCT101','80000430');
INSERT INTO SIS_COURSES (termId, courseId, studentId) VALUES ('201810','MATH101','80000430');
INSERT INTO HR_PEOPLE(id, surname, givenName) VALUES ('80000431','Morrison','Karoline');
INSERT INTO HR_PEOPLE_ROLES(id, role) VALUES ('80000431','faculty');
INSERT INTO SIS_COURSES (termId, courseId, studentId) VALUES ('201810','MATH100','80000431');
INSERT INTO SIS_COURSES (termId, courseId, studentId) VALUES ('201810','HIST101','80000431');
INSERT INTO HR_PEOPLE(id, surname, givenName) VALUES ('80000432','Lopez','Maddie');
INSERT INTO HR_PEOPLE(id, surname, givenName) VALUES ('80000433','Davis','James');
INSERT INTO HR_PEOPLE(id, surname, givenName) VALUES ('80000434','Gonazles','Steve');
INSERT INTO HR_PEOPLE(id, surname, givenName) VALUES ('80000435','Nielson','Greg');
INSERT INTO HR_PEOPLE_ROLES(id, role) VALUES ('80000435','student');
INSERT INTO SIS_COURSES (termId, courseId, studentId) VALUES ('201810','HIST101','80000435');
INSERT INTO HR_PEOPLE(id, surname, givenName) VALUES ('80000436','Price','Robert');
INSERT INTO HR_PEOPLE_ROLES(id, role) VALUES ('80000436','community');
INSERT INTO HR_PEOPLE(id, surname, givenName) VALUES ('80000437','Martinez','James');
INSERT INTO HR_PEOPLE(id, surname, givenName) VALUES ('80000438','Peterson','Jennifer');
INSERT INTO HR_PEOPLE(id, surname, givenName) VALUES ('80000439','Langenberg','Sophia');
INSERT INTO HR_PEOPLE_ROLES(id, role) VALUES ('80000439','faculty');
INSERT INTO SIS_COURSES (termId, courseId, studentId) VALUES ('201810','HIST102','80000439');
INSERT INTO SIS_COURSES (termId, courseId, studentId) VALUES ('201810','ENGL201','80000439');
INSERT INTO SIS_COURSES (termId, courseId, studentId) VALUES ('201810','CS252','80000439');
INSERT INTO SIS_COURSES (termId, courseId, studentId) VALUES ('201810','ENGL102','80000439');
INSERT INTO HR_PEOPLE(id, surname, givenName) VALUES ('80000440','Anderson','Mark');
INSERT INTO HR_PEOPLE(id, surname, givenName) VALUES ('80000441','Price','Olivia');
INSERT INTO HR_PEOPLE_ROLES(id, role) VALUES ('80000441','student');
INSERT INTO SIS_COURSES (termId, courseId, studentId) VALUES ('201810','CS251','80000441');
INSERT INTO SIS_COURSES (termId, courseId, studentId) VALUES ('201810','HIST101','80000441');
INSERT INTO SIS_COURSES (termId, courseId, studentId) VALUES ('201810','HIST102','80000441');
INSERT INTO SIS_COURSES (termId, courseId, studentId) VALUES ('201810','ACCT101','80000441');
INSERT INTO HR_PEOPLE(id, surname, givenName) VALUES ('80000442','Peterson','Emma');
INSERT INTO HR_PEOPLE_ROLES(id, role) VALUES ('80000442','faculty');
INSERT INTO SIS_COURSES (termId, courseId, studentId) VALUES ('201810','HIST101','80000442');
INSERT INTO SIS_COURSES (termId, courseId, studentId) VALUES ('201810','MATH101','80000442');
INSERT INTO HR_PEOPLE(id, surname, givenName) VALUES ('80000443','Smith','James');
INSERT INTO HR_PEOPLE_ROLES(id, role) VALUES ('80000443','community');
INSERT INTO HR_PEOPLE_ROLES(id, role) VALUES ('80000443','staff');
INSERT INTO HR_PEOPLE(id, surname, givenName) VALUES ('80000444','Lee','Jo');
INSERT INTO HR_PEOPLE_ROLES(id, role) VALUES ('80000444','student');
INSERT INTO HR_PEOPLE_ROLES(id, role) VALUES ('80000444','staff');
INSERT INTO SIS_COURSES (termId, courseId, studentId) VALUES ('201810','SCI123','80000444');
INSERT INTO SIS_COURSES (termId, courseId, studentId) VALUES ('201810','MATH100','80000444');
INSERT INTO HR_PEOPLE(id, surname, givenName) VALUES ('80000445','Vales','Mary');
INSERT INTO HR_PEOPLE(id, surname, givenName) VALUES ('80000446','Peterson','Megan');
INSERT INTO HR_PEOPLE_ROLES(id, role) VALUES ('80000446','community');
INSERT INTO HR_PEOPLE(id, surname, givenName) VALUES ('80000447','Williams','Mia');
INSERT INTO HR_PEOPLE_ROLES(id, role) VALUES ('80000447','community');
INSERT INTO HR_PEOPLE(id, surname, givenName) VALUES ('80000448','Butler','Debbie');
INSERT INTO HR_PEOPLE_ROLES(id, role) VALUES ('80000448','faculty');
INSERT INTO SIS_COURSES (termId, courseId, studentId) VALUES ('201810','ENGL102','80000448');
INSERT INTO SIS_COURSES (termId, courseId, studentId) VALUES ('201810','SCI123','80000448');
INSERT INTO SIS_COURSES (termId, courseId, studentId) VALUES ('201810','MATH100','80000448');
INSERT INTO HR_PEOPLE(id, surname, givenName) VALUES ('80000449','Peterson','Nancy');
INSERT INTO HR_PEOPLE_ROLES(id, role) VALUES ('80000449','student');
INSERT INTO SIS_COURSES (termId, courseId, studentId) VALUES ('201810','MATH100','80000449');
INSERT INTO HR_PEOPLE(id, surname, givenName) VALUES ('80000450','Walters','Debbie');
INSERT INTO HR_PEOPLE_ROLES(id, role) VALUES ('80000450','student');
INSERT INTO SIS_COURSES (termId, courseId, studentId) VALUES ('201810','ENGL101','80000450');
INSERT INTO SIS_COURSES (termId, courseId, studentId) VALUES ('201810','ENGL201','80000450');
INSERT INTO HR_PEOPLE(id, surname, givenName) VALUES ('80000451','Lopez','Betty');
INSERT INTO HR_PEOPLE(id, surname, givenName) VALUES ('80000452','Smith','Jeremy');
INSERT INTO HR_PEOPLE_ROLES(id, role) VALUES ('80000452','community');
INSERT INTO HR_PEOPLE(id, surname, givenName) VALUES ('80000453','Langenberg','Paul');
INSERT INTO HR_PEOPLE_ROLES(id, role) VALUES ('80000453','faculty');
INSERT INTO SIS_COURSES (termId, courseId, studentId) VALUES ('201810','SCI123','80000453');
INSERT INTO SIS_COURSES (termId, courseId, studentId) VALUES ('201810','ENGL102','80000453');
INSERT INTO HR_PEOPLE(id, surname, givenName) VALUES ('80000454','Nielson','Mary');
INSERT INTO HR_PEOPLE(id, surname, givenName) VALUES ('80000455','Peterson','Jennifer');
INSERT INTO HR_PEOPLE(id, surname, givenName) VALUES ('80000456','Henderson','Adian');
INSERT INTO HR_PEOPLE(id, surname, givenName) VALUES ('80000457','Lee','David');
INSERT INTO HR_PEOPLE_ROLES(id, role) VALUES ('80000457','community');
INSERT INTO HR_PEOPLE_ROLES(id, role) VALUES ('80000457','student');
INSERT INTO SIS_COURSES (termId, courseId, studentId) VALUES ('201810','ENGL201','80000457');
INSERT INTO SIS_COURSES (termId, courseId, studentId) VALUES ('201810','MATH100','80000457');
INSERT INTO SIS_COURSES (termId, courseId, studentId) VALUES ('201810','HIST101','80000457');
INSERT INTO SIS_COURSES (termId, courseId, studentId) VALUES ('201810','SCI123','80000457');
INSERT INTO HR_PEOPLE(id, surname, givenName) VALUES ('80000458','Scott','John');
INSERT INTO HR_PEOPLE_ROLES(id, role) VALUES ('80000458','staff');
INSERT INTO HR_PEOPLE(id, surname, givenName) VALUES ('80000459','Smith','Blake');
INSERT INTO HR_PEOPLE_ROLES(id, role) VALUES ('80000459','student');
INSERT INTO SIS_COURSES (termId, courseId, studentId) VALUES ('201810','MATH100','80000459');
INSERT INTO SIS_COURSES (termId, courseId, studentId) VALUES ('201810','MATH101','80000459');
INSERT INTO SIS_COURSES (termId, courseId, studentId) VALUES ('201810','ENGL101','80000459');
INSERT INTO HR_PEOPLE(id, surname, givenName) VALUES ('80000460','Anderson','Jo');
INSERT INTO HR_PEOPLE_ROLES(id, role) VALUES ('80000460','community');
INSERT INTO HR_PEOPLE_ROLES(id, role) VALUES ('80000460','staff');
INSERT INTO HR_PEOPLE(id, surname, givenName) VALUES ('80000461','Morrison','Ava');
INSERT INTO HR_PEOPLE_ROLES(id, role) VALUES ('80000461','staff');
INSERT INTO HR_PEOPLE(id, surname, givenName) VALUES ('80000462','Davis','Jo');
INSERT INTO HR_PEOPLE_ROLES(id, role) VALUES ('80000462','student');
INSERT INTO SIS_COURSES (termId, courseId, studentId) VALUES ('201810','SCI123','80000462');
INSERT INTO SIS_COURSES (termId, courseId, studentId) VALUES ('201810','CS251','80000462');
INSERT INTO HR_PEOPLE(id, surname, givenName) VALUES ('80000463','Peterson','Olivia');
INSERT INTO HR_PEOPLE_ROLES(id, role) VALUES ('80000463','faculty');
INSERT INTO SIS_COURSES (termId, courseId, studentId) VALUES ('201810','SCI123','80000463');
INSERT INTO SIS_COURSES (termId, courseId, studentId) VALUES ('201810','SCI404','80000463');
INSERT INTO HR_PEOPLE(id, surname, givenName) VALUES ('80000464','Peterson','Thomas');
INSERT INTO HR_PEOPLE_ROLES(id, role) VALUES ('80000464','community');
INSERT INTO HR_PEOPLE(id, surname, givenName) VALUES ('80000465','Henderson','Lisa');
INSERT INTO HR_PEOPLE_ROLES(id, role) VALUES ('80000465','student');
INSERT INTO SIS_COURSES (termId, courseId, studentId) VALUES ('201810','SCI404','80000465');
INSERT INTO SIS_COURSES (termId, courseId, studentId) VALUES ('201810','SCI123','80000465');
INSERT INTO HR_PEOPLE(id, surname, givenName) VALUES ('80000466','Anderson','Ann');
INSERT INTO HR_PEOPLE_ROLES(id, role) VALUES ('80000466','community');
INSERT INTO HR_PEOPLE(id, surname, givenName) VALUES ('80000467','Smith','John');
INSERT INTO HR_PEOPLE_ROLES(id, role) VALUES ('80000467','community');
INSERT INTO HR_PEOPLE(id, surname, givenName) VALUES ('80000468','Lee','Andrew');
INSERT INTO HR_PEOPLE_ROLES(id, role) VALUES ('80000468','student');
INSERT INTO HR_PEOPLE_ROLES(id, role) VALUES ('80000468','community');
INSERT INTO SIS_COURSES (termId, courseId, studentId) VALUES ('201810','HIST101','80000468');
INSERT INTO SIS_COURSES (termId, courseId, studentId) VALUES ('201810','SCI123','80000468');
INSERT INTO SIS_COURSES (termId, courseId, studentId) VALUES ('201810','CS251','80000468');
INSERT INTO SIS_COURSES (termId, courseId, studentId) VALUES ('201810','MATH101','80000468');
INSERT INTO HR_PEOPLE(id, surname, givenName) VALUES ('80000469','Grady','Anna');
INSERT INTO HR_PEOPLE_ROLES(id, role) VALUES ('80000469','student');
INSERT INTO SIS_COURSES (termId, courseId, studentId) VALUES ('201810','SCI123','80000469');
INSERT INTO SIS_COURSES (termId, courseId, studentId) VALUES ('201810','ACCT201','80000469');
INSERT INTO HR_PEOPLE(id, surname, givenName) VALUES ('80000470','Williams','Bill');
INSERT INTO HR_PEOPLE_ROLES(id, role) VALUES ('80000470','staff');
INSERT INTO HR_PEOPLE(id, surname, givenName) VALUES ('80000471','White','Christina');
INSERT INTO HR_PEOPLE_ROLES(id, role) VALUES ('80000471','student');
INSERT INTO SIS_COURSES (termId, courseId, studentId) VALUES ('201810','ENGL102','80000471');
INSERT INTO SIS_COURSES (termId, courseId, studentId) VALUES ('201810','ENGL101','80000471');
INSERT INTO SIS_COURSES (termId, courseId, studentId) VALUES ('201810','MATH100','80000471');
INSERT INTO HR_PEOPLE(id, surname, givenName) VALUES ('80000472','Williams','Thomas');
INSERT INTO HR_PEOPLE_ROLES(id, role) VALUES ('80000472','faculty');
INSERT INTO SIS_COURSES (termId, courseId, studentId) VALUES ('201810','MATH101','80000472');
INSERT INTO SIS_COURSES (termId, courseId, studentId) VALUES ('201810','ENGL201','80000472');
INSERT INTO SIS_COURSES (termId, courseId, studentId) VALUES ('201810','ENGL101','80000472');
INSERT INTO HR_PEOPLE(id, surname, givenName) VALUES ('80000473','Grady','Colin');
INSERT INTO HR_PEOPLE_ROLES(id, role) VALUES ('80000473','faculty');
INSERT INTO SIS_COURSES (termId, courseId, studentId) VALUES ('201810','ENGL102','80000473');
INSERT INTO SIS_COURSES (termId, courseId, studentId) VALUES ('201810','SCI404','80000473');
INSERT INTO SIS_COURSES (termId, courseId, studentId) VALUES ('201810','HIST102','80000473');
INSERT INTO SIS_COURSES (termId, courseId, studentId) VALUES ('201810','ACCT101','80000473');
INSERT INTO HR_PEOPLE(id, surname, givenName) VALUES ('80000474','Gasper','Michael');
INSERT INTO HR_PEOPLE_ROLES(id, role) VALUES ('80000474','student');
INSERT INTO SIS_COURSES (termId, courseId, studentId) VALUES ('201810','SCI404','80000474');
INSERT INTO SIS_COURSES (termId, courseId, studentId) VALUES ('201810','ENGL101','80000474');
INSERT INTO SIS_COURSES (termId, courseId, studentId) VALUES ('201810','ENGL201','80000474');
INSERT INTO HR_PEOPLE(id, surname, givenName) VALUES ('80000475','Roberts','Kiersten');
INSERT INTO HR_PEOPLE_ROLES(id, role) VALUES ('80000475','faculty');
INSERT INTO SIS_COURSES (termId, courseId, studentId) VALUES ('201810','MATH100','80000475');
INSERT INTO HR_PEOPLE(id, surname, givenName) VALUES ('80000476','Morrison','David');
INSERT INTO HR_PEOPLE_ROLES(id, role) VALUES ('80000476','staff');
INSERT INTO HR_PEOPLE(id, surname, givenName) VALUES ('80000477','Grady','Lori');
INSERT INTO HR_PEOPLE_ROLES(id, role) VALUES ('80000477','staff');
INSERT INTO HR_PEOPLE(id, surname, givenName) VALUES ('80000478','Langenberg','Jo');
INSERT INTO HR_PEOPLE_ROLES(id, role) VALUES ('80000478','faculty');
INSERT INTO SIS_COURSES (termId, courseId, studentId) VALUES ('201810','ACCT101','80000478');
INSERT INTO SIS_COURSES (termId, courseId, studentId) VALUES ('201810','ACCT201','80000478');
INSERT INTO HR_PEOPLE(id, surname, givenName) VALUES ('80000479','Butler','Christina');
INSERT INTO HR_PEOPLE_ROLES(id, role) VALUES ('80000479','faculty');
INSERT INTO SIS_COURSES (termId, courseId, studentId) VALUES ('201810','SCI404','80000479');
INSERT INTO HR_PEOPLE(id, surname, givenName) VALUES ('80000480','Lee','William');
INSERT INTO HR_PEOPLE(id, surname, givenName) VALUES ('80000481','Langenberg','Ann');
INSERT INTO HR_PEOPLE_ROLES(id, role) VALUES ('80000481','staff');
INSERT INTO HR_PEOPLE(id, surname, givenName) VALUES ('80000482','Johnson','Betty');
INSERT INTO HR_PEOPLE_ROLES(id, role) VALUES ('80000482','student');
INSERT INTO SIS_COURSES (termId, courseId, studentId) VALUES ('201810','SCI404','80000482');
INSERT INTO SIS_COURSES (termId, courseId, studentId) VALUES ('201810','ENGL101','80000482');
INSERT INTO HR_PEOPLE(id, surname, givenName) VALUES ('80000483','Davis','Emma');
INSERT INTO HR_PEOPLE_ROLES(id, role) VALUES ('80000483','faculty');
INSERT INTO HR_PEOPLE_ROLES(id, role) VALUES ('80000483','community');
INSERT INTO SIS_COURSES (termId, courseId, studentId) VALUES ('201810','MATH100','80000483');
INSERT INTO HR_PEOPLE(id, surname, givenName) VALUES ('80000484','Roberts','Jennifer');
INSERT INTO HR_PEOPLE(id, surname, givenName) VALUES ('80000485','Anderson','Steve');
INSERT INTO HR_PEOPLE_ROLES(id, role) VALUES ('80000485','community');
INSERT INTO HR_PEOPLE_ROLES(id, role) VALUES ('80000485','student');
INSERT INTO SIS_COURSES (termId, courseId, studentId) VALUES ('201810','HIST101','80000485');
INSERT INTO SIS_COURSES (termId, courseId, studentId) VALUES ('201810','CS251','80000485');
INSERT INTO SIS_COURSES (termId, courseId, studentId) VALUES ('201810','ENGL101','80000485');
INSERT INTO HR_PEOPLE(id, surname, givenName) VALUES ('80000486','Anderson','James');
INSERT INTO HR_PEOPLE_ROLES(id, role) VALUES ('80000486','faculty');
INSERT INTO SIS_COURSES (termId, courseId, studentId) VALUES ('201810','ENGL101','80000486');
INSERT INTO SIS_COURSES (termId, courseId, studentId) VALUES ('201810','ENGL201','80000486');
INSERT INTO HR_PEOPLE(id, surname, givenName) VALUES ('80000487','Walters','Debbie');
INSERT INTO HR_PEOPLE_ROLES(id, role) VALUES ('80000487','staff');
INSERT INTO HR_PEOPLE(id, surname, givenName) VALUES ('80000488','Martinez','William');
INSERT INTO HR_PEOPLE_ROLES(id, role) VALUES ('80000488','student');
INSERT INTO HR_PEOPLE_ROLES(id, role) VALUES ('80000488','staff');
INSERT INTO SIS_COURSES (termId, courseId, studentId) VALUES ('201810','ENGL201','80000488');
INSERT INTO HR_PEOPLE(id, surname, givenName) VALUES ('80000489','Gasper','Jennifer');
INSERT INTO HR_PEOPLE_ROLES(id, role) VALUES ('80000489','student');
INSERT INTO SIS_COURSES (termId, courseId, studentId) VALUES ('201810','ENGL102','80000489');
INSERT INTO SIS_COURSES (termId, courseId, studentId) VALUES ('201810','SCI404','80000489');
INSERT INTO HR_PEOPLE(id, surname, givenName) VALUES ('80000490','Peterson','Claire');
INSERT INTO HR_PEOPLE_ROLES(id, role) VALUES ('80000490','student');
INSERT INTO SIS_COURSES (termId, courseId, studentId) VALUES ('201810','CS252','80000490');
INSERT INTO SIS_COURSES (termId, courseId, studentId) VALUES ('201810','SCI123','80000490');
INSERT INTO SIS_COURSES (termId, courseId, studentId) VALUES ('201810','CS251','80000490');
INSERT INTO SIS_COURSES (termId, courseId, studentId) VALUES ('201810','HIST102','80000490');
INSERT INTO HR_PEOPLE(id, surname, givenName) VALUES ('80000491','Lewis','James');
INSERT INTO HR_PEOPLE_ROLES(id, role) VALUES ('80000491','student');
INSERT INTO SIS_COURSES (termId, courseId, studentId) VALUES ('201810','HIST102','80000491');
INSERT INTO SIS_COURSES (termId, courseId, studentId) VALUES ('201810','ENGL101','80000491');
INSERT INTO SIS_COURSES (termId, courseId, studentId) VALUES ('201810','SCI404','80000491');
INSERT INTO HR_PEOPLE(id, surname, givenName) VALUES ('80000492','Roberts','Stephanie');
INSERT INTO HR_PEOPLE(id, surname, givenName) VALUES ('80000493','Walters','Paul');
INSERT INTO HR_PEOPLE_ROLES(id, role) VALUES ('80000493','staff');
INSERT INTO HR_PEOPLE(id, surname, givenName) VALUES ('80000494','Roberts','Adian');
INSERT INTO HR_PEOPLE(id, surname, givenName) VALUES ('80000495','Henderson','Jim');
INSERT INTO HR_PEOPLE_ROLES(id, role) VALUES ('80000495','staff');
INSERT INTO HR_PEOPLE(id, surname, givenName) VALUES ('80000496','Johnson','Maddie');
INSERT INTO HR_PEOPLE_ROLES(id, role) VALUES ('80000496','student');
INSERT INTO SIS_COURSES (termId, courseId, studentId) VALUES ('201810','CS251','80000496');
INSERT INTO SIS_COURSES (termId, courseId, studentId) VALUES ('201810','MATH101','80000496');
INSERT INTO SIS_COURSES (termId, courseId, studentId) VALUES ('201810','ENGL101','80000496');
INSERT INTO SIS_COURSES (termId, courseId, studentId) VALUES ('201810','ENGL201','80000496');
INSERT INTO HR_PEOPLE(id, surname, givenName) VALUES ('80000497','Martinez','William');
INSERT INTO HR_PEOPLE(id, surname, givenName) VALUES ('80000498','Brown','Jeremy');
INSERT INTO HR_PEOPLE_ROLES(id, role) VALUES ('80000498','staff');
INSERT INTO HR_PEOPLE(id, surname, givenName) VALUES ('80000499','Doe','Isabella');
INSERT INTO HR_PEOPLE_ROLES(id, role) VALUES ('80000499','staff');
INSERT INTO HR_PEOPLE_ROLES(id, role) VALUES ('80000499','faculty');
INSERT INTO SIS_COURSES (termId, courseId, studentId) VALUES ('201810','ENGL102','80000499');
INSERT INTO SIS_COURSES (termId, courseId, studentId) VALUES ('201810','SCI123','80000499');
INSERT INTO SIS_COURSES (termId, courseId, studentId) VALUES ('201810','HIST102','80000499');
INSERT INTO SIS_COURSES (termId, courseId, studentId) VALUES ('201810','ACCT201','80000499');
INSERT INTO HR_PEOPLE(id, surname, givenName) VALUES ('80000500','Grady','Jo');
INSERT INTO HR_PEOPLE_ROLES(id, role) VALUES ('80000500','community');
INSERT INTO HR_PEOPLE(id, surname, givenName) VALUES ('80000501','Nielson','Erik');
INSERT INTO HR_PEOPLE_ROLES(id, role) VALUES ('80000501','student');
INSERT INTO SIS_COURSES (termId, courseId, studentId) VALUES ('201810','ACCT201','80000501');
INSERT INTO HR_PEOPLE(id, surname, givenName) VALUES ('80000502','Grady','Stephanie');
INSERT INTO HR_PEOPLE_ROLES(id, role) VALUES ('80000502','student');
INSERT INTO SIS_COURSES (termId, courseId, studentId) VALUES ('201810','ACCT101','80000502');
INSERT INTO SIS_COURSES (termId, courseId, studentId) VALUES ('201810','ACCT201','80000502');
INSERT INTO HR_PEOPLE(id, surname, givenName) VALUES ('80000503','Vales','Lisa');
INSERT INTO HR_PEOPLE_ROLES(id, role) VALUES ('80000503','faculty');
INSERT INTO HR_PEOPLE_ROLES(id, role) VALUES ('80000503','staff');
INSERT INTO SIS_COURSES (termId, courseId, studentId) VALUES ('201810','CS252','80000503');
INSERT INTO SIS_COURSES (termId, courseId, studentId) VALUES ('201810','CS251','80000503');
INSERT INTO SIS_COURSES (termId, courseId, studentId) VALUES ('201810','ENGL101','80000503');
INSERT INTO SIS_COURSES (termId, courseId, studentId) VALUES ('201810','SCI123','80000503');
INSERT INTO HR_PEOPLE(id, surname, givenName) VALUES ('80000504','Henderson','Christopher');
INSERT INTO HR_PEOPLE_ROLES(id, role) VALUES ('80000504','faculty');
INSERT INTO SIS_COURSES (termId, courseId, studentId) VALUES ('201810','SCI123','80000504');
INSERT INTO SIS_COURSES (termId, courseId, studentId) VALUES ('201810','HIST102','80000504');
INSERT INTO SIS_COURSES (termId, courseId, studentId) VALUES ('201810','MATH101','80000504');
INSERT INTO SIS_COURSES (termId, courseId, studentId) VALUES ('201810','ENGL201','80000504');
INSERT INTO HR_PEOPLE(id, surname, givenName) VALUES ('80000505','Peterson','Jeremy');
INSERT INTO HR_PEOPLE_ROLES(id, role) VALUES ('80000505','faculty');
INSERT INTO SIS_COURSES (termId, courseId, studentId) VALUES ('201810','ENGL101','80000505');
INSERT INTO SIS_COURSES (termId, courseId, studentId) VALUES ('201810','ENGL102','80000505');
INSERT INTO SIS_COURSES (termId, courseId, studentId) VALUES ('201810','ENGL201','80000505');
INSERT INTO HR_PEOPLE(id, surname, givenName) VALUES ('80000506','Nielson','Jennifer');
INSERT INTO HR_PEOPLE_ROLES(id, role) VALUES ('80000506','community');
INSERT INTO HR_PEOPLE(id, surname, givenName) VALUES ('80000507','Morrison','Adian');
INSERT INTO HR_PEOPLE_ROLES(id, role) VALUES ('80000507','community');
INSERT INTO HR_PEOPLE(id, surname, givenName) VALUES ('80000508','Peterson','Jennifer');
INSERT INTO HR_PEOPLE_ROLES(id, role) VALUES ('80000508','faculty');
INSERT INTO SIS_COURSES (termId, courseId, studentId) VALUES ('201810','CS252','80000508');
INSERT INTO SIS_COURSES (termId, courseId, studentId) VALUES ('201810','ACCT101','80000508');
INSERT INTO SIS_COURSES (termId, courseId, studentId) VALUES ('201810','SCI123','80000508');
INSERT INTO SIS_COURSES (termId, courseId, studentId) VALUES ('201810','ENGL102','80000508');
INSERT INTO HR_PEOPLE(id, surname, givenName) VALUES ('80000509','Gasper','Ava');
INSERT INTO HR_PEOPLE_ROLES(id, role) VALUES ('80000509','faculty');
INSERT INTO SIS_COURSES (termId, courseId, studentId) VALUES ('201810','HIST101','80000509');
INSERT INTO HR_PEOPLE(id, surname, givenName) VALUES ('80000510','Butler','Robert');
INSERT INTO HR_PEOPLE_ROLES(id, role) VALUES ('80000510','staff');
INSERT INTO HR_PEOPLE_ROLES(id, role) VALUES ('80000510','faculty');
INSERT INTO SIS_COURSES (termId, courseId, studentId) VALUES ('201810','MATH101','80000510');
INSERT INTO SIS_COURSES (termId, courseId, studentId) VALUES ('201810','ENGL102','80000510');
INSERT INTO SIS_COURSES (termId, courseId, studentId) VALUES ('201810','ENGL101','80000510');
INSERT INTO SIS_COURSES (termId, courseId, studentId) VALUES ('201810','MATH100','80000510');
INSERT INTO HR_PEOPLE(id, surname, givenName) VALUES ('80000511','Butler','Nancy');
INSERT INTO HR_PEOPLE(id, surname, givenName) VALUES ('80000512','Scott','Isabella');
INSERT INTO HR_PEOPLE_ROLES(id, role) VALUES ('80000512','staff');
INSERT INTO HR_PEOPLE(id, surname, givenName) VALUES ('80000513','Williams','Claire');
INSERT INTO HR_PEOPLE_ROLES(id, role) VALUES ('80000513','staff');
INSERT INTO HR_PEOPLE(id, surname, givenName) VALUES ('80000514','Gasper','Steve');
INSERT INTO HR_PEOPLE_ROLES(id, role) VALUES ('80000514','staff');
INSERT INTO HR_PEOPLE_ROLES(id, role) VALUES ('80000514','student');
INSERT INTO SIS_COURSES (termId, courseId, studentId) VALUES ('201810','HIST101','80000514');
INSERT INTO SIS_COURSES (termId, courseId, studentId) VALUES ('201810','MATH101','80000514');
INSERT INTO SIS_COURSES (termId, courseId, studentId) VALUES ('201810','CS251','80000514');
INSERT INTO HR_PEOPLE(id, surname, givenName) VALUES ('80000515','Vales','Claire');
INSERT INTO HR_PEOPLE_ROLES(id, role) VALUES ('80000515','faculty');
INSERT INTO HR_PEOPLE_ROLES(id, role) VALUES ('80000515','staff');
INSERT INTO SIS_COURSES (termId, courseId, studentId) VALUES ('201810','ENGL101','80000515');
INSERT INTO HR_PEOPLE(id, surname, givenName) VALUES ('80000516','Gonazles','Mary');
INSERT INTO HR_PEOPLE_ROLES(id, role) VALUES ('80000516','faculty');
INSERT INTO SIS_COURSES (termId, courseId, studentId) VALUES ('201810','ACCT201','80000516');
INSERT INTO SIS_COURSES (termId, courseId, studentId) VALUES ('201810','SCI404','80000516');
INSERT INTO HR_PEOPLE(id, surname, givenName) VALUES ('80000517','Williams','Steve');
INSERT INTO HR_PEOPLE_ROLES(id, role) VALUES ('80000517','student');
INSERT INTO SIS_COURSES (termId, courseId, studentId) VALUES ('201810','MATH101','80000517');
INSERT INTO SIS_COURSES (termId, courseId, studentId) VALUES ('201810','SCI123','80000517');
INSERT INTO HR_PEOPLE(id, surname, givenName) VALUES ('80000518','Morrison','James');
INSERT INTO HR_PEOPLE_ROLES(id, role) VALUES ('80000518','faculty');
INSERT INTO HR_PEOPLE_ROLES(id, role) VALUES ('80000518','student');
INSERT INTO SIS_COURSES (termId, courseId, studentId) VALUES ('201810','ENGL102','80000518');
INSERT INTO SIS_COURSES (termId, courseId, studentId) VALUES ('201810','SCI404','80000518');
INSERT INTO HR_PEOPLE(id, surname, givenName) VALUES ('80000519','Price','Christina');
INSERT INTO HR_PEOPLE_ROLES(id, role) VALUES ('80000519','faculty');
INSERT INTO SIS_COURSES (termId, courseId, studentId) VALUES ('201810','MATH101','80000519');
INSERT INTO SIS_COURSES (termId, courseId, studentId) VALUES ('201810','ACCT201','80000519');
INSERT INTO HR_PEOPLE(id, surname, givenName) VALUES ('80000520','Lewis','Christopher');
INSERT INTO HR_PEOPLE_ROLES(id, role) VALUES ('80000520','student');
INSERT INTO SIS_COURSES (termId, courseId, studentId) VALUES ('201810','MATH101','80000520');
INSERT INTO SIS_COURSES (termId, courseId, studentId) VALUES ('201810','ACCT101','80000520');
INSERT INTO SIS_COURSES (termId, courseId, studentId) VALUES ('201810','ENGL201','80000520');
INSERT INTO SIS_COURSES (termId, courseId, studentId) VALUES ('201810','HIST101','80000520');
INSERT INTO HR_PEOPLE(id, surname, givenName) VALUES ('80000521','Martinez','Olivia');
INSERT INTO HR_PEOPLE_ROLES(id, role) VALUES ('80000521','community');
INSERT INTO HR_PEOPLE(id, surname, givenName) VALUES ('80000522','Williams','Debbie');
INSERT INTO HR_PEOPLE_ROLES(id, role) VALUES ('80000522','community');
INSERT INTO HR_PEOPLE(id, surname, givenName) VALUES ('80000523','White','Andrew');
INSERT INTO HR_PEOPLE_ROLES(id, role) VALUES ('80000523','student');
INSERT INTO SIS_COURSES (termId, courseId, studentId) VALUES ('201810','CS251','80000523');
INSERT INTO SIS_COURSES (termId, courseId, studentId) VALUES ('201810','MATH101','80000523');
INSERT INTO HR_PEOPLE(id, surname, givenName) VALUES ('80000524','Price','John');
INSERT INTO HR_PEOPLE_ROLES(id, role) VALUES ('80000524','staff');
INSERT INTO HR_PEOPLE(id, surname, givenName) VALUES ('80000525','Lewis','Nancy');
INSERT INTO HR_PEOPLE_ROLES(id, role) VALUES ('80000525','community');
INSERT INTO HR_PEOPLE(id, surname, givenName) VALUES ('80000526','Brown','Amber');
INSERT INTO HR_PEOPLE(id, surname, givenName) VALUES ('80000527','Thompson','Anna');
INSERT INTO HR_PEOPLE_ROLES(id, role) VALUES ('80000527','community');
INSERT INTO HR_PEOPLE(id, surname, givenName) VALUES ('80000528','Johnson','Nancy');
INSERT INTO HR_PEOPLE_ROLES(id, role) VALUES ('80000528','student');
INSERT INTO SIS_COURSES (termId, courseId, studentId) VALUES ('201810','ACCT101','80000528');
INSERT INTO SIS_COURSES (termId, courseId, studentId) VALUES ('201810','MATH100','80000528');
INSERT INTO HR_PEOPLE(id, surname, givenName) VALUES ('80000529','Clark','Karl');
INSERT INTO HR_PEOPLE_ROLES(id, role) VALUES ('80000529','staff');
INSERT INTO HR_PEOPLE_ROLES(id, role) VALUES ('80000529','community');
INSERT INTO HR_PEOPLE(id, surname, givenName) VALUES ('80000530','Williams','Lori');
INSERT INTO HR_PEOPLE_ROLES(id, role) VALUES ('80000530','community');
INSERT INTO HR_PEOPLE_ROLES(id, role) VALUES ('80000530','faculty');
INSERT INTO SIS_COURSES (termId, courseId, studentId) VALUES ('201810','MATH101','80000530');
INSERT INTO SIS_COURSES (termId, courseId, studentId) VALUES ('201810','CS252','80000530');
INSERT INTO SIS_COURSES (termId, courseId, studentId) VALUES ('201810','SCI404','80000530');
INSERT INTO SIS_COURSES (termId, courseId, studentId) VALUES ('201810','ACCT101','80000530');
INSERT INTO HR_PEOPLE(id, surname, givenName) VALUES ('80000531','Brown','Erik');
INSERT INTO HR_PEOPLE_ROLES(id, role) VALUES ('80000531','faculty');
INSERT INTO SIS_COURSES (termId, courseId, studentId) VALUES ('201810','HIST101','80000531');
INSERT INTO HR_PEOPLE(id, surname, givenName) VALUES ('80000532','Nielson','Heather');
INSERT INTO HR_PEOPLE_ROLES(id, role) VALUES ('80000532','staff');
INSERT INTO HR_PEOPLE(id, surname, givenName) VALUES ('80000533','Walters','Perry');
INSERT INTO HR_PEOPLE_ROLES(id, role) VALUES ('80000533','faculty');
INSERT INTO HR_PEOPLE_ROLES(id, role) VALUES ('80000533','student');
INSERT INTO SIS_COURSES (termId, courseId, studentId) VALUES ('201810','ENGL102','80000533');
INSERT INTO SIS_COURSES (termId, courseId, studentId) VALUES ('201810','HIST101','80000533');
INSERT INTO SIS_COURSES (termId, courseId, studentId) VALUES ('201810','ACCT101','80000533');
INSERT INTO SIS_COURSES (termId, courseId, studentId) VALUES ('201810','ENGL201','80000533');
INSERT INTO HR_PEOPLE(id, surname, givenName) VALUES ('80000534','Anderson','Michael');
INSERT INTO HR_PEOPLE_ROLES(id, role) VALUES ('80000534','student');
INSERT INTO HR_PEOPLE_ROLES(id, role) VALUES ('80000534','community');
INSERT INTO SIS_COURSES (termId, courseId, studentId) VALUES ('201810','ENGL102','80000534');
INSERT INTO SIS_COURSES (termId, courseId, studentId) VALUES ('201810','SCI404','80000534');
INSERT INTO SIS_COURSES (termId, courseId, studentId) VALUES ('201810','MATH101','80000534');
INSERT INTO HR_PEOPLE(id, surname, givenName) VALUES ('80000535','Vales','William');
INSERT INTO HR_PEOPLE_ROLES(id, role) VALUES ('80000535','community');
INSERT INTO HR_PEOPLE(id, surname, givenName) VALUES ('80000536','Doe','Sophia');
INSERT INTO HR_PEOPLE_ROLES(id, role) VALUES ('80000536','staff');
INSERT INTO HR_PEOPLE_ROLES(id, role) VALUES ('80000536','student');
INSERT INTO SIS_COURSES (termId, courseId, studentId) VALUES ('201810','ENGL101','80000536');
INSERT INTO HR_PEOPLE(id, surname, givenName) VALUES ('80000537','Walters','Claire');
INSERT INTO HR_PEOPLE_ROLES(id, role) VALUES ('80000537','community');
INSERT INTO HR_PEOPLE(id, surname, givenName) VALUES ('80000538','Gonazles','Lori');
INSERT INTO HR_PEOPLE_ROLES(id, role) VALUES ('80000538','staff');
INSERT INTO HR_PEOPLE_ROLES(id, role) VALUES ('80000538','community');
INSERT INTO HR_PEOPLE(id, surname, givenName) VALUES ('80000539','Gasper','Megan');
INSERT INTO HR_PEOPLE_ROLES(id, role) VALUES ('80000539','student');
INSERT INTO SIS_COURSES (termId, courseId, studentId) VALUES ('201810','ACCT101','80000539');
INSERT INTO HR_PEOPLE(id, surname, givenName) VALUES ('80000540','Scott','Maddie');
INSERT INTO HR_PEOPLE_ROLES(id, role) VALUES ('80000540','student');
INSERT INTO SIS_COURSES (termId, courseId, studentId) VALUES ('201810','SCI404','80000540');
INSERT INTO SIS_COURSES (termId, courseId, studentId) VALUES ('201810','ENGL101','80000540');
INSERT INTO HR_PEOPLE(id, surname, givenName) VALUES ('80000541','Clark','Jim');
INSERT INTO HR_PEOPLE_ROLES(id, role) VALUES ('80000541','staff');
INSERT INTO HR_PEOPLE_ROLES(id, role) VALUES ('80000541','community');
INSERT INTO HR_PEOPLE(id, surname, givenName) VALUES ('80000542','Lewis','William');
INSERT INTO HR_PEOPLE_ROLES(id, role) VALUES ('80000542','staff');
INSERT INTO HR_PEOPLE(id, surname, givenName) VALUES ('80000543','Thompson','Marie');
INSERT INTO HR_PEOPLE_ROLES(id, role) VALUES ('80000543','faculty');
INSERT INTO HR_PEOPLE_ROLES(id, role) VALUES ('80000543','student');
INSERT INTO SIS_COURSES (termId, courseId, studentId) VALUES ('201810','HIST101','80000543');
INSERT INTO SIS_COURSES (termId, courseId, studentId) VALUES ('201810','HIST102','80000543');
INSERT INTO SIS_COURSES (termId, courseId, studentId) VALUES ('201810','ACCT201','80000543');
INSERT INTO HR_PEOPLE(id, surname, givenName) VALUES ('80000544','Price','Karoline');
INSERT INTO HR_PEOPLE_ROLES(id, role) VALUES ('80000544','community');
INSERT INTO HR_PEOPLE(id, surname, givenName) VALUES ('80000545','Vales','Robert');
INSERT INTO HR_PEOPLE_ROLES(id, role) VALUES ('80000545','staff');
INSERT INTO HR_PEOPLE(id, surname, givenName) VALUES ('80000546','Price','Ava');
INSERT INTO HR_PEOPLE_ROLES(id, role) VALUES ('80000546','community');
INSERT INTO HR_PEOPLE_ROLES(id, role) VALUES ('80000546','faculty');
INSERT INTO SIS_COURSES (termId, courseId, studentId) VALUES ('201810','ENGL102','80000546');
INSERT INTO HR_PEOPLE(id, surname, givenName) VALUES ('80000547','Thompson','Lisa');
INSERT INTO HR_PEOPLE_ROLES(id, role) VALUES ('80000547','faculty');
INSERT INTO HR_PEOPLE_ROLES(id, role) VALUES ('80000547','staff');
INSERT INTO SIS_COURSES (termId, courseId, studentId) VALUES ('201810','SCI123','80000547');
INSERT INTO SIS_COURSES (termId, courseId, studentId) VALUES ('201810','ACCT201','80000547');
INSERT INTO SIS_COURSES (termId, courseId, studentId) VALUES ('201810','CS252','80000547');
INSERT INTO HR_PEOPLE(id, surname, givenName) VALUES ('80000548','White','Isabella');
INSERT INTO HR_PEOPLE_ROLES(id, role) VALUES ('80000548','student');
INSERT INTO SIS_COURSES (termId, courseId, studentId) VALUES ('201810','ENGL201','80000548');
INSERT INTO SIS_COURSES (termId, courseId, studentId) VALUES ('201810','SCI123','80000548');
INSERT INTO SIS_COURSES (termId, courseId, studentId) VALUES ('201810','MATH100','80000548');
INSERT INTO HR_PEOPLE(id, surname, givenName) VALUES ('80000549','Thompson','Stephanie');
INSERT INTO HR_PEOPLE_ROLES(id, role) VALUES ('80000549','community');
INSERT INTO HR_PEOPLE(id, surname, givenName) VALUES ('80000550','Butler','Heather');
INSERT INTO HR_PEOPLE(id, surname, givenName) VALUES ('80000551','Doe','James');
INSERT INTO HR_PEOPLE(id, surname, givenName) VALUES ('80000552','Peterson','Maddie');
INSERT INTO HR_PEOPLE_ROLES(id, role) VALUES ('80000552','staff');
INSERT INTO HR_PEOPLE_ROLES(id, role) VALUES ('80000552','community');
INSERT INTO HR_PEOPLE(id, surname, givenName) VALUES ('80000553','Roberts','Betty');
INSERT INTO HR_PEOPLE_ROLES(id, role) VALUES ('80000553','community');
INSERT INTO HR_PEOPLE(id, surname, givenName) VALUES ('80000554','Smith','Emma');
INSERT INTO HR_PEOPLE_ROLES(id, role) VALUES ('80000554','faculty');
INSERT INTO SIS_COURSES (termId, courseId, studentId) VALUES ('201810','MATH101','80000554');
INSERT INTO SIS_COURSES (termId, courseId, studentId) VALUES ('201810','ENGL201','80000554');
INSERT INTO SIS_COURSES (termId, courseId, studentId) VALUES ('201810','HIST102','80000554');
INSERT INTO HR_PEOPLE(id, surname, givenName) VALUES ('80000555','Clark','Kim');
INSERT INTO HR_PEOPLE_ROLES(id, role) VALUES ('80000555','faculty');
INSERT INTO SIS_COURSES (termId, courseId, studentId) VALUES ('201810','ENGL201','80000555');
INSERT INTO SIS_COURSES (termId, courseId, studentId) VALUES ('201810','ACCT201','80000555');
INSERT INTO HR_PEOPLE(id, surname, givenName) VALUES ('80000556','Lee','Donna');
INSERT INTO HR_PEOPLE_ROLES(id, role) VALUES ('80000556','student');
INSERT INTO HR_PEOPLE_ROLES(id, role) VALUES ('80000556','faculty');
INSERT INTO SIS_COURSES (termId, courseId, studentId) VALUES ('201810','CS252','80000556');
INSERT INTO SIS_COURSES (termId, courseId, studentId) VALUES ('201810','SCI123','80000556');
INSERT INTO HR_PEOPLE(id, surname, givenName) VALUES ('80000557','Doe','Claire');
INSERT INTO HR_PEOPLE_ROLES(id, role) VALUES ('80000557','student');
INSERT INTO SIS_COURSES (termId, courseId, studentId) VALUES ('201810','HIST102','80000557');
INSERT INTO SIS_COURSES (termId, courseId, studentId) VALUES ('201810','HIST101','80000557');
INSERT INTO HR_PEOPLE(id, surname, givenName) VALUES ('80000558','Lewis','Megan');
INSERT INTO HR_PEOPLE_ROLES(id, role) VALUES ('80000558','staff');
INSERT INTO HR_PEOPLE(id, surname, givenName) VALUES ('80000559','Henderson','Karl');
INSERT INTO HR_PEOPLE(id, surname, givenName) VALUES ('80000560','Walters','John');
INSERT INTO HR_PEOPLE_ROLES(id, role) VALUES ('80000560','student');
INSERT INTO HR_PEOPLE_ROLES(id, role) VALUES ('80000560','faculty');
INSERT INTO SIS_COURSES (termId, courseId, studentId) VALUES ('201810','ENGL201','80000560');
INSERT INTO SIS_COURSES (termId, courseId, studentId) VALUES ('201810','ACCT101','80000560');
INSERT INTO HR_PEOPLE(id, surname, givenName) VALUES ('80000561','Roberts','Karl');
INSERT INTO HR_PEOPLE_ROLES(id, role) VALUES ('80000561','student');
INSERT INTO SIS_COURSES (termId, courseId, studentId) VALUES ('201810','SCI123','80000561');
INSERT INTO HR_PEOPLE(id, surname, givenName) VALUES ('80000562','Morrison','Megan');
INSERT INTO HR_PEOPLE(id, surname, givenName) VALUES ('80000563','Grady','Megan');
INSERT INTO HR_PEOPLE_ROLES(id, role) VALUES ('80000563','faculty');
INSERT INTO SIS_COURSES (termId, courseId, studentId) VALUES ('201810','CS251','80000563');
INSERT INTO SIS_COURSES (termId, courseId, studentId) VALUES ('201810','ACCT101','80000563');
INSERT INTO HR_PEOPLE(id, surname, givenName) VALUES ('80000564','Price','Isabella');
INSERT INTO HR_PEOPLE_ROLES(id, role) VALUES ('80000564','staff');
INSERT INTO HR_PEOPLE(id, surname, givenName) VALUES ('80000565','Vales','Maddie');
INSERT INTO HR_PEOPLE_ROLES(id, role) VALUES ('80000565','community');
INSERT INTO HR_PEOPLE(id, surname, givenName) VALUES ('80000566','Thompson','Mark');
INSERT INTO HR_PEOPLE(id, surname, givenName) VALUES ('80000567','Grady','Robert');
INSERT INTO HR_PEOPLE_ROLES(id, role) VALUES ('80000567','community');
INSERT INTO HR_PEOPLE_ROLES(id, role) VALUES ('80000567','staff');
INSERT INTO HR_PEOPLE(id, surname, givenName) VALUES ('80000568','Martinez','Isabella');
INSERT INTO HR_PEOPLE_ROLES(id, role) VALUES ('80000568','community');
INSERT INTO HR_PEOPLE(id, surname, givenName) VALUES ('80000569','Vales','Perry');
INSERT INTO HR_PEOPLE_ROLES(id, role) VALUES ('80000569','faculty');
INSERT INTO SIS_COURSES (termId, courseId, studentId) VALUES ('201810','ENGL102','80000569');
INSERT INTO SIS_COURSES (termId, courseId, studentId) VALUES ('201810','ENGL101','80000569');
INSERT INTO HR_PEOPLE(id, surname, givenName) VALUES ('80000570','Thompson','Jeremy');
INSERT INTO HR_PEOPLE_ROLES(id, role) VALUES ('80000570','community');
INSERT INTO HR_PEOPLE_ROLES(id, role) VALUES ('80000570','faculty');
INSERT INTO SIS_COURSES (termId, courseId, studentId) VALUES ('201810','SCI123','80000570');
INSERT INTO HR_PEOPLE(id, surname, givenName) VALUES ('80000571','Gasper','Christina');
INSERT INTO HR_PEOPLE_ROLES(id, role) VALUES ('80000571','faculty');
INSERT INTO SIS_COURSES (termId, courseId, studentId) VALUES ('201810','CS252','80000571');
INSERT INTO SIS_COURSES (termId, courseId, studentId) VALUES ('201810','SCI404','80000571');
INSERT INTO HR_PEOPLE(id, surname, givenName) VALUES ('80000572','Brown','Lexi');
INSERT INTO HR_PEOPLE_ROLES(id, role) VALUES ('80000572','student');
INSERT INTO SIS_COURSES (termId, courseId, studentId) VALUES ('201810','SCI404','80000572');
INSERT INTO HR_PEOPLE(id, surname, givenName) VALUES ('80000573','Smith','Ava');
INSERT INTO HR_PEOPLE_ROLES(id, role) VALUES ('80000573','faculty');
INSERT INTO HR_PEOPLE_ROLES(id, role) VALUES ('80000573','community');
INSERT INTO SIS_COURSES (termId, courseId, studentId) VALUES ('201810','ENGL102','80000573');
INSERT INTO HR_PEOPLE(id, surname, givenName) VALUES ('80000574','Nielson','Sarah');
INSERT INTO HR_PEOPLE_ROLES(id, role) VALUES ('80000574','faculty');
INSERT INTO SIS_COURSES (termId, courseId, studentId) VALUES ('201810','SCI123','80000574');
INSERT INTO HR_PEOPLE(id, surname, givenName) VALUES ('80000575','Gasper','Sarah');
INSERT INTO HR_PEOPLE_ROLES(id, role) VALUES ('80000575','community');
INSERT INTO HR_PEOPLE(id, surname, givenName) VALUES ('80000576','Roberts','Eric');
INSERT INTO HR_PEOPLE_ROLES(id, role) VALUES ('80000576','student');
INSERT INTO SIS_COURSES (termId, courseId, studentId) VALUES ('201810','SCI404','80000576');
INSERT INTO SIS_COURSES (termId, courseId, studentId) VALUES ('201810','ENGL101','80000576');
INSERT INTO HR_PEOPLE(id, surname, givenName) VALUES ('80000577','Lewis','Paul');
INSERT INTO HR_PEOPLE_ROLES(id, role) VALUES ('80000577','faculty');
INSERT INTO HR_PEOPLE_ROLES(id, role) VALUES ('80000577','community');
INSERT INTO SIS_COURSES (termId, courseId, studentId) VALUES ('201810','CS252','80000577');
INSERT INTO HR_PEOPLE(id, surname, givenName) VALUES ('80000578','Butler','Robert');
INSERT INTO HR_PEOPLE_ROLES(id, role) VALUES ('80000578','faculty');
INSERT INTO SIS_COURSES (termId, courseId, studentId) VALUES ('201810','SCI123','80000578');
INSERT INTO SIS_COURSES (termId, courseId, studentId) VALUES ('201810','ACCT101','80000578');
INSERT INTO SIS_COURSES (termId, courseId, studentId) VALUES ('201810','ENGL201','80000578');
INSERT INTO HR_PEOPLE(id, surname, givenName) VALUES ('80000579','Clark','Steve');
INSERT INTO HR_PEOPLE_ROLES(id, role) VALUES ('80000579','faculty');
INSERT INTO SIS_COURSES (termId, courseId, studentId) VALUES ('201810','HIST101','80000579');
INSERT INTO SIS_COURSES (termId, courseId, studentId) VALUES ('201810','MATH101','80000579');
INSERT INTO SIS_COURSES (termId, courseId, studentId) VALUES ('201810','SCI123','80000579');
INSERT INTO SIS_COURSES (termId, courseId, studentId) VALUES ('201810','ENGL201','80000579');
INSERT INTO HR_PEOPLE(id, surname, givenName) VALUES ('80000580','Martinez','Bill');
INSERT INTO HR_PEOPLE_ROLES(id, role) VALUES ('80000580','student');
INSERT INTO SIS_COURSES (termId, courseId, studentId) VALUES ('201810','MATH100','80000580');
INSERT INTO SIS_COURSES (termId, courseId, studentId) VALUES ('201810','CS251','80000580');
INSERT INTO SIS_COURSES (termId, courseId, studentId) VALUES ('201810','MATH101','80000580');
INSERT INTO HR_PEOPLE(id, surname, givenName) VALUES ('80000581','Scott','Nancy');
INSERT INTO HR_PEOPLE_ROLES(id, role) VALUES ('80000581','faculty');
INSERT INTO SIS_COURSES (termId, courseId, studentId) VALUES ('201810','HIST101','80000581');
INSERT INTO SIS_COURSES (termId, courseId, studentId) VALUES ('201810','MATH100','80000581');
INSERT INTO HR_PEOPLE(id, surname, givenName) VALUES ('80000582','Davis','Olivia');
INSERT INTO HR_PEOPLE_ROLES(id, role) VALUES ('80000582','staff');
INSERT INTO HR_PEOPLE_ROLES(id, role) VALUES ('80000582','student');
INSERT INTO SIS_COURSES (termId, courseId, studentId) VALUES ('201810','ENGL101','80000582');
INSERT INTO SIS_COURSES (termId, courseId, studentId) VALUES ('201810','MATH101','80000582');
INSERT INTO SIS_COURSES (termId, courseId, studentId) VALUES ('201810','SCI404','80000582');
INSERT INTO SIS_COURSES (termId, courseId, studentId) VALUES ('201810','ENGL102','80000582');
INSERT INTO HR_PEOPLE(id, surname, givenName) VALUES ('80000583','Martinez','Maddie');
INSERT INTO HR_PEOPLE_ROLES(id, role) VALUES ('80000583','faculty');
INSERT INTO HR_PEOPLE_ROLES(id, role) VALUES ('80000583','staff');
INSERT INTO SIS_COURSES (termId, courseId, studentId) VALUES ('201810','HIST101','80000583');
INSERT INTO SIS_COURSES (termId, courseId, studentId) VALUES ('201810','MATH101','80000583');
INSERT INTO SIS_COURSES (termId, courseId, studentId) VALUES ('201810','HIST102','80000583');
INSERT INTO HR_PEOPLE(id, surname, givenName) VALUES ('80000584','Smith','James');
INSERT INTO HR_PEOPLE(id, surname, givenName) VALUES ('80000585','Thompson','John');
INSERT INTO HR_PEOPLE_ROLES(id, role) VALUES ('80000585','staff');
INSERT INTO HR_PEOPLE(id, surname, givenName) VALUES ('80000586','Brown','Nancy');
INSERT INTO HR_PEOPLE_ROLES(id, role) VALUES ('80000586','staff');
INSERT INTO HR_PEOPLE(id, surname, givenName) VALUES ('80000587','Brown','Megan');
INSERT INTO HR_PEOPLE_ROLES(id, role) VALUES ('80000587','faculty');
INSERT INTO HR_PEOPLE_ROLES(id, role) VALUES ('80000587','community');
INSERT INTO SIS_COURSES (termId, courseId, studentId) VALUES ('201810','HIST101','80000587');
INSERT INTO SIS_COURSES (termId, courseId, studentId) VALUES ('201810','SCI404','80000587');
INSERT INTO HR_PEOPLE(id, surname, givenName) VALUES ('80000588','Smith','William');
INSERT INTO HR_PEOPLE_ROLES(id, role) VALUES ('80000588','student');
INSERT INTO SIS_COURSES (termId, courseId, studentId) VALUES ('201810','MATH101','80000588');
INSERT INTO SIS_COURSES (termId, courseId, studentId) VALUES ('201810','ENGL201','80000588');
INSERT INTO SIS_COURSES (termId, courseId, studentId) VALUES ('201810','SCI123','80000588');
INSERT INTO SIS_COURSES (termId, courseId, studentId) VALUES ('201810','CS252','80000588');
INSERT INTO HR_PEOPLE(id, surname, givenName) VALUES ('80000589','Johnson','Robert');
INSERT INTO HR_PEOPLE_ROLES(id, role) VALUES ('80000589','community');
INSERT INTO HR_PEOPLE(id, surname, givenName) VALUES ('80000590','Price','Colin');
INSERT INTO HR_PEOPLE_ROLES(id, role) VALUES ('80000590','community');
INSERT INTO HR_PEOPLE(id, surname, givenName) VALUES ('80000591','Peterson','Lori');
INSERT INTO HR_PEOPLE_ROLES(id, role) VALUES ('80000591','student');
INSERT INTO SIS_COURSES (termId, courseId, studentId) VALUES ('201810','CS251','80000591');
INSERT INTO SIS_COURSES (termId, courseId, studentId) VALUES ('201810','SCI123','80000591');
INSERT INTO HR_PEOPLE(id, surname, givenName) VALUES ('80000592','Smith','Christina');
INSERT INTO HR_PEOPLE_ROLES(id, role) VALUES ('80000592','staff');
INSERT INTO HR_PEOPLE_ROLES(id, role) VALUES ('80000592','faculty');
INSERT INTO SIS_COURSES (termId, courseId, studentId) VALUES ('201810','CS251','80000592');
INSERT INTO SIS_COURSES (termId, courseId, studentId) VALUES ('201810','HIST102','80000592');
INSERT INTO SIS_COURSES (termId, courseId, studentId) VALUES ('201810','ENGL201','80000592');
INSERT INTO SIS_COURSES (termId, courseId, studentId) VALUES ('201810','CS252','80000592');
INSERT INTO HR_PEOPLE(id, surname, givenName) VALUES ('80000593','Martinez','Bill');
INSERT INTO HR_PEOPLE_ROLES(id, role) VALUES ('80000593','staff');
INSERT INTO HR_PEOPLE(id, surname, givenName) VALUES ('80000594','Butler','James');
INSERT INTO HR_PEOPLE_ROLES(id, role) VALUES ('80000594','staff');
INSERT INTO HR_PEOPLE(id, surname, givenName) VALUES ('80000595','Doe','Lexi');
INSERT INTO HR_PEOPLE_ROLES(id, role) VALUES ('80000595','faculty');
INSERT INTO SIS_COURSES (termId, courseId, studentId) VALUES ('201810','CS251','80000595');
INSERT INTO SIS_COURSES (termId, courseId, studentId) VALUES ('201810','ENGL102','80000595');
INSERT INTO SIS_COURSES (termId, courseId, studentId) VALUES ('201810','SCI404','80000595');
INSERT INTO SIS_COURSES (termId, courseId, studentId) VALUES ('201810','ENGL101','80000595');
INSERT INTO HR_PEOPLE(id, surname, givenName) VALUES ('80000596','Gasper','Claire');
INSERT INTO HR_PEOPLE_ROLES(id, role) VALUES ('80000596','staff');
INSERT INTO HR_PEOPLE_ROLES(id, role) VALUES ('80000596','student');
INSERT INTO SIS_COURSES (termId, courseId, studentId) VALUES ('201810','CS251','80000596');
INSERT INTO SIS_COURSES (termId, courseId, studentId) VALUES ('201810','CS252','80000596');
INSERT INTO HR_PEOPLE(id, surname, givenName) VALUES ('80000597','Morrison','Jim');
INSERT INTO HR_PEOPLE(id, surname, givenName) VALUES ('80000598','Johnson','Sophia');
INSERT INTO HR_PEOPLE_ROLES(id, role) VALUES ('80000598','staff');
INSERT INTO HR_PEOPLE(id, surname, givenName) VALUES ('80000599','Nielson','Jim');
INSERT INTO HR_PEOPLE_ROLES(id, role) VALUES ('80000599','staff');
INSERT INTO HR_PEOPLE(id, surname, givenName) VALUES ('80000600','Clark','Jo');
INSERT INTO HR_PEOPLE_ROLES(id, role) VALUES ('80000600','staff');
INSERT INTO HR_PEOPLE_ROLES(id, role) VALUES ('80000600','faculty');
INSERT INTO SIS_COURSES (termId, courseId, studentId) VALUES ('201810','ENGL201','80000600');
INSERT INTO SIS_COURSES (termId, courseId, studentId) VALUES ('201810','CS252','80000600');
INSERT INTO HR_PEOPLE(id, surname, givenName) VALUES ('80000601','Vales','Lexi');
INSERT INTO HR_PEOPLE_ROLES(id, role) VALUES ('80000601','community');
INSERT INTO HR_PEOPLE(id, surname, givenName) VALUES ('80000602','Thompson','William');
INSERT INTO HR_PEOPLE_ROLES(id, role) VALUES ('80000602','faculty');
INSERT INTO SIS_COURSES (termId, courseId, studentId) VALUES ('201810','CS252','80000602');
INSERT INTO SIS_COURSES (termId, courseId, studentId) VALUES ('201810','ENGL201','80000602');
INSERT INTO SIS_COURSES (termId, courseId, studentId) VALUES ('201810','ENGL102','80000602');
INSERT INTO HR_PEOPLE(id, surname, givenName) VALUES ('80000603','Lee','Betty');
INSERT INTO HR_PEOPLE_ROLES(id, role) VALUES ('80000603','staff');
INSERT INTO HR_PEOPLE(id, surname, givenName) VALUES ('80000604','Walters','Kim');
INSERT INTO HR_PEOPLE_ROLES(id, role) VALUES ('80000604','community');
INSERT INTO HR_PEOPLE(id, surname, givenName) VALUES ('80000605','Price','John');
INSERT INTO HR_PEOPLE_ROLES(id, role) VALUES ('80000605','staff');
INSERT INTO HR_PEOPLE(id, surname, givenName) VALUES ('80000606','Martinez','Adian');
INSERT INTO HR_PEOPLE_ROLES(id, role) VALUES ('80000606','community');
INSERT INTO HR_PEOPLE_ROLES(id, role) VALUES ('80000606','staff');
INSERT INTO HR_PEOPLE(id, surname, givenName) VALUES ('80000607','Williams','Colin');
INSERT INTO HR_PEOPLE_ROLES(id, role) VALUES ('80000607','community');
INSERT INTO HR_PEOPLE(id, surname, givenName) VALUES ('80000608','Price','Donna');
INSERT INTO HR_PEOPLE_ROLES(id, role) VALUES ('80000608','staff');
INSERT INTO HR_PEOPLE(id, surname, givenName) VALUES ('80000609','Gasper','Anna');
INSERT INTO HR_PEOPLE_ROLES(id, role) VALUES ('80000609','faculty');
INSERT INTO HR_PEOPLE_ROLES(id, role) VALUES ('80000609','community');
INSERT INTO SIS_COURSES (termId, courseId, studentId) VALUES ('201810','SCI123','80000609');
INSERT INTO SIS_COURSES (termId, courseId, studentId) VALUES ('201810','ACCT201','80000609');
INSERT INTO HR_PEOPLE(id, surname, givenName) VALUES ('80000610','Peterson','Paul');
INSERT INTO HR_PEOPLE_ROLES(id, role) VALUES ('80000610','faculty');
INSERT INTO HR_PEOPLE_ROLES(id, role) VALUES ('80000610','student');
INSERT INTO SIS_COURSES (termId, courseId, studentId) VALUES ('201810','HIST102','80000610');
INSERT INTO HR_PEOPLE(id, surname, givenName) VALUES ('80000611','Johnson','Greg');
INSERT INTO HR_PEOPLE_ROLES(id, role) VALUES ('80000611','staff');
INSERT INTO HR_PEOPLE(id, surname, givenName) VALUES ('80000612','Grady','William');
INSERT INTO HR_PEOPLE_ROLES(id, role) VALUES ('80000612','staff');
INSERT INTO HR_PEOPLE(id, surname, givenName) VALUES ('80000613','Thompson','Nancy');
INSERT INTO HR_PEOPLE_ROLES(id, role) VALUES ('80000613','staff');
INSERT INTO HR_PEOPLE_ROLES(id, role) VALUES ('80000613','student');
INSERT INTO SIS_COURSES (termId, courseId, studentId) VALUES ('201810','ENGL101','80000613');
INSERT INTO SIS_COURSES (termId, courseId, studentId) VALUES ('201810','CS251','80000613');
INSERT INTO HR_PEOPLE(id, surname, givenName) VALUES ('80000614','Anderson','Stephanie');
INSERT INTO HR_PEOPLE_ROLES(id, role) VALUES ('80000614','student');
INSERT INTO SIS_COURSES (termId, courseId, studentId) VALUES ('201810','MATH100','80000614');
INSERT INTO SIS_COURSES (termId, courseId, studentId) VALUES ('201810','ENGL102','80000614');
INSERT INTO SIS_COURSES (termId, courseId, studentId) VALUES ('201810','HIST101','80000614');
INSERT INTO SIS_COURSES (termId, courseId, studentId) VALUES ('201810','HIST102','80000614');
INSERT INTO HR_PEOPLE(id, surname, givenName) VALUES ('80000615','Williams','Andrew');
INSERT INTO HR_PEOPLE_ROLES(id, role) VALUES ('80000615','staff');
INSERT INTO HR_PEOPLE(id, surname, givenName) VALUES ('80000616','Brown','Isabella');
INSERT INTO HR_PEOPLE_ROLES(id, role) VALUES ('80000616','staff');
INSERT INTO HR_PEOPLE(id, surname, givenName) VALUES ('80000617','Grady','Madison');
INSERT INTO HR_PEOPLE_ROLES(id, role) VALUES ('80000617','faculty');
INSERT INTO SIS_COURSES (termId, courseId, studentId) VALUES ('201810','ACCT101','80000617');
INSERT INTO SIS_COURSES (termId, courseId, studentId) VALUES ('201810','ENGL201','80000617');
INSERT INTO SIS_COURSES (termId, courseId, studentId) VALUES ('201810','MATH100','80000617');
INSERT INTO SIS_COURSES (termId, courseId, studentId) VALUES ('201810','CS251','80000617');
INSERT INTO HR_PEOPLE(id, surname, givenName) VALUES ('80000618','White','Michael');
INSERT INTO HR_PEOPLE_ROLES(id, role) VALUES ('80000618','student');
INSERT INTO SIS_COURSES (termId, courseId, studentId) VALUES ('201810','HIST101','80000618');
INSERT INTO SIS_COURSES (termId, courseId, studentId) VALUES ('201810','SCI123','80000618');
INSERT INTO HR_PEOPLE(id, surname, givenName) VALUES ('80000619','Walters','Maddie');
INSERT INTO HR_PEOPLE_ROLES(id, role) VALUES ('80000619','student');
INSERT INTO SIS_COURSES (termId, courseId, studentId) VALUES ('201810','CS252','80000619');
INSERT INTO SIS_COURSES (termId, courseId, studentId) VALUES ('201810','ENGL102','80000619');
INSERT INTO SIS_COURSES (termId, courseId, studentId) VALUES ('201810','HIST102','80000619');
INSERT INTO SIS_COURSES (termId, courseId, studentId) VALUES ('201810','SCI404','80000619');
INSERT INTO HR_PEOPLE(id, surname, givenName) VALUES ('80000620','Williams','Michael');
INSERT INTO HR_PEOPLE_ROLES(id, role) VALUES ('80000620','community');
INSERT INTO HR_PEOPLE_ROLES(id, role) VALUES ('80000620','staff');
INSERT INTO HR_PEOPLE(id, surname, givenName) VALUES ('80000621','Grady','Madison');
INSERT INTO HR_PEOPLE_ROLES(id, role) VALUES ('80000621','faculty');
INSERT INTO SIS_COURSES (termId, courseId, studentId) VALUES ('201810','HIST101','80000621');
INSERT INTO HR_PEOPLE(id, surname, givenName) VALUES ('80000622','Clark','David');
INSERT INTO HR_PEOPLE_ROLES(id, role) VALUES ('80000622','student');
INSERT INTO SIS_COURSES (termId, courseId, studentId) VALUES ('201810','HIST102','80000622');
INSERT INTO SIS_COURSES (termId, courseId, studentId) VALUES ('201810','ACCT201','80000622');
INSERT INTO SIS_COURSES (termId, courseId, studentId) VALUES ('201810','ENGL101','80000622');
INSERT INTO HR_PEOPLE(id, surname, givenName) VALUES ('80000623','Gasper','Thomas');
INSERT INTO HR_PEOPLE_ROLES(id, role) VALUES ('80000623','staff');
INSERT INTO HR_PEOPLE(id, surname, givenName) VALUES ('80000624','Peterson','Isabella');
INSERT INTO HR_PEOPLE_ROLES(id, role) VALUES ('80000624','faculty');
INSERT INTO HR_PEOPLE_ROLES(id, role) VALUES ('80000624','community');
INSERT INTO SIS_COURSES (termId, courseId, studentId) VALUES ('201810','HIST101','80000624');
INSERT INTO HR_PEOPLE(id, surname, givenName) VALUES ('80000625','Lewis','Sophia');
INSERT INTO HR_PEOPLE_ROLES(id, role) VALUES ('80000625','student');
INSERT INTO SIS_COURSES (termId, courseId, studentId) VALUES ('201810','ENGL201','80000625');
INSERT INTO HR_PEOPLE(id, surname, givenName) VALUES ('80000626','Price','Perry');
INSERT INTO HR_PEOPLE_ROLES(id, role) VALUES ('80000626','student');
INSERT INTO HR_PEOPLE_ROLES(id, role) VALUES ('80000626','faculty');
INSERT INTO SIS_COURSES (termId, courseId, studentId) VALUES ('201810','SCI123','80000626');
INSERT INTO SIS_COURSES (termId, courseId, studentId) VALUES ('201810','SCI404','80000626');
INSERT INTO SIS_COURSES (termId, courseId, studentId) VALUES ('201810','ACCT201','80000626');
INSERT INTO HR_PEOPLE(id, surname, givenName) VALUES ('80000627','Lee','Sarah');
INSERT INTO HR_PEOPLE_ROLES(id, role) VALUES ('80000627','faculty');
INSERT INTO SIS_COURSES (termId, courseId, studentId) VALUES ('201810','SCI123','80000627');
INSERT INTO SIS_COURSES (termId, courseId, studentId) VALUES ('201810','MATH100','80000627');
INSERT INTO HR_PEOPLE(id, surname, givenName) VALUES ('80000628','Brown','John');
INSERT INTO HR_PEOPLE(id, surname, givenName) VALUES ('80000629','Peterson','Claire');
INSERT INTO HR_PEOPLE(id, surname, givenName) VALUES ('80000630','Price','Emma');
INSERT INTO HR_PEOPLE_ROLES(id, role) VALUES ('80000630','community');
INSERT INTO HR_PEOPLE(id, surname, givenName) VALUES ('80000631','Davis','Claire');
INSERT INTO HR_PEOPLE_ROLES(id, role) VALUES ('80000631','faculty');
INSERT INTO SIS_COURSES (termId, courseId, studentId) VALUES ('201810','MATH101','80000631');
INSERT INTO SIS_COURSES (termId, courseId, studentId) VALUES ('201810','ENGL101','80000631');
INSERT INTO SIS_COURSES (termId, courseId, studentId) VALUES ('201810','ACCT101','80000631');
INSERT INTO SIS_COURSES (termId, courseId, studentId) VALUES ('201810','ACCT201','80000631');
INSERT INTO HR_PEOPLE(id, surname, givenName) VALUES ('80000632','White','Amber');
INSERT INTO HR_PEOPLE_ROLES(id, role) VALUES ('80000632','community');
INSERT INTO HR_PEOPLE(id, surname, givenName) VALUES ('80000633','Butler','Mary');
INSERT INTO HR_PEOPLE_ROLES(id, role) VALUES ('80000633','faculty');
INSERT INTO HR_PEOPLE_ROLES(id, role) VALUES ('80000633','staff');
INSERT INTO SIS_COURSES (termId, courseId, studentId) VALUES ('201810','SCI404','80000633');
INSERT INTO SIS_COURSES (termId, courseId, studentId) VALUES ('201810','ACCT201','80000633');
INSERT INTO SIS_COURSES (termId, courseId, studentId) VALUES ('201810','ENGL102','80000633');
INSERT INTO HR_PEOPLE(id, surname, givenName) VALUES ('80000634','Doe','John');
INSERT INTO HR_PEOPLE(id, surname, givenName) VALUES ('80000635','Clark','Perry');
INSERT INTO HR_PEOPLE_ROLES(id, role) VALUES ('80000635','staff');
INSERT INTO HR_PEOPLE_ROLES(id, role) VALUES ('80000635','student');
INSERT INTO SIS_COURSES (termId, courseId, studentId) VALUES ('201810','ACCT101','80000635');
INSERT INTO SIS_COURSES (termId, courseId, studentId) VALUES ('201810','ENGL201','80000635');
INSERT INTO HR_PEOPLE(id, surname, givenName) VALUES ('80000636','Thompson','Perry');
INSERT INTO HR_PEOPLE_ROLES(id, role) VALUES ('80000636','faculty');
INSERT INTO SIS_COURSES (termId, courseId, studentId) VALUES ('201810','SCI404','80000636');
INSERT INTO HR_PEOPLE(id, surname, givenName) VALUES ('80000637','Anderson','John');
INSERT INTO HR_PEOPLE_ROLES(id, role) VALUES ('80000637','student');
INSERT INTO SIS_COURSES (termId, courseId, studentId) VALUES ('201810','SCI404','80000637');
INSERT INTO SIS_COURSES (termId, courseId, studentId) VALUES ('201810','MATH100','80000637');
INSERT INTO SIS_COURSES (termId, courseId, studentId) VALUES ('201810','ACCT101','80000637');
INSERT INTO SIS_COURSES (termId, courseId, studentId) VALUES ('201810','ACCT201','80000637');
INSERT INTO HR_PEOPLE(id, surname, givenName) VALUES ('80000638','Morrison','Sarah');
INSERT INTO HR_PEOPLE_ROLES(id, role) VALUES ('80000638','staff');
INSERT INTO HR_PEOPLE_ROLES(id, role) VALUES ('80000638','community');
INSERT INTO HR_PEOPLE(id, surname, givenName) VALUES ('80000639','Lee','Greg');
INSERT INTO HR_PEOPLE_ROLES(id, role) VALUES ('80000639','staff');
INSERT INTO HR_PEOPLE_ROLES(id, role) VALUES ('80000639','community');
INSERT INTO HR_PEOPLE(id, surname, givenName) VALUES ('80000640','Henderson','James');
INSERT INTO HR_PEOPLE_ROLES(id, role) VALUES ('80000640','student');
INSERT INTO SIS_COURSES (termId, courseId, studentId) VALUES ('201810','CS252','80000640');
INSERT INTO SIS_COURSES (termId, courseId, studentId) VALUES ('201810','MATH100','80000640');
INSERT INTO SIS_COURSES (termId, courseId, studentId) VALUES ('201810','MATH101','80000640');
INSERT INTO HR_PEOPLE(id, surname, givenName) VALUES ('80000641','Lopez','Jeremy');
INSERT INTO HR_PEOPLE_ROLES(id, role) VALUES ('80000641','student');
INSERT INTO SIS_COURSES (termId, courseId, studentId) VALUES ('201810','ACCT201','80000641');
INSERT INTO HR_PEOPLE(id, surname, givenName) VALUES ('80000642','Nielson','Kiersten');
INSERT INTO HR_PEOPLE_ROLES(id, role) VALUES ('80000642','staff');
INSERT INTO HR_PEOPLE(id, surname, givenName) VALUES ('80000643','Clark','Mia');
INSERT INTO HR_PEOPLE_ROLES(id, role) VALUES ('80000643','community');
INSERT INTO HR_PEOPLE(id, surname, givenName) VALUES ('80000644','Butler','Lori');
INSERT INTO HR_PEOPLE_ROLES(id, role) VALUES ('80000644','staff');
INSERT INTO HR_PEOPLE(id, surname, givenName) VALUES ('80000645','Lewis','Blake');
INSERT INTO HR_PEOPLE(id, surname, givenName) VALUES ('80000646','Vales','Jo');
INSERT INTO HR_PEOPLE_ROLES(id, role) VALUES ('80000646','community');
INSERT INTO HR_PEOPLE(id, surname, givenName) VALUES ('80000647','Doe','Jo');
INSERT INTO HR_PEOPLE_ROLES(id, role) VALUES ('80000647','staff');
INSERT INTO HR_PEOPLE_ROLES(id, role) VALUES ('80000647','faculty');
INSERT INTO SIS_COURSES (termId, courseId, studentId) VALUES ('201810','ACCT201','80000647');
INSERT INTO SIS_COURSES (termId, courseId, studentId) VALUES ('201810','CS252','80000647');
INSERT INTO SIS_COURSES (termId, courseId, studentId) VALUES ('201810','HIST102','80000647');
INSERT INTO HR_PEOPLE(id, surname, givenName) VALUES ('80000648','White','Greg');
INSERT INTO HR_PEOPLE_ROLES(id, role) VALUES ('80000648','community');
INSERT INTO HR_PEOPLE(id, surname, givenName) VALUES ('80000649','Thompson','Eric');
INSERT INTO HR_PEOPLE_ROLES(id, role) VALUES ('80000649','student');
INSERT INTO SIS_COURSES (termId, courseId, studentId) VALUES ('201810','SCI123','80000649');
INSERT INTO HR_PEOPLE(id, surname, givenName) VALUES ('80000650','Grady','Greg');
INSERT INTO HR_PEOPLE_ROLES(id, role) VALUES ('80000650','community');
INSERT INTO HR_PEOPLE(id, surname, givenName) VALUES ('80000651','Price','Jo');
INSERT INTO HR_PEOPLE_ROLES(id, role) VALUES ('80000651','student');
INSERT INTO SIS_COURSES (termId, courseId, studentId) VALUES ('201810','ENGL102','80000651');
INSERT INTO HR_PEOPLE(id, surname, givenName) VALUES ('80000652','Nielson','David');
INSERT INTO HR_PEOPLE(id, surname, givenName) VALUES ('80000653','Morrison','Blake');
INSERT INTO HR_PEOPLE_ROLES(id, role) VALUES ('80000653','faculty');
INSERT INTO SIS_COURSES (termId, courseId, studentId) VALUES ('201810','CS252','80000653');
INSERT INTO HR_PEOPLE(id, surname, givenName) VALUES ('80000654','Lopez','Madison');
INSERT INTO HR_PEOPLE_ROLES(id, role) VALUES ('80000654','faculty');
INSERT INTO SIS_COURSES (termId, courseId, studentId) VALUES ('201810','ACCT201','80000654');
INSERT INTO SIS_COURSES (termId, courseId, studentId) VALUES ('201810','CS251','80000654');
INSERT INTO SIS_COURSES (termId, courseId, studentId) VALUES ('201810','SCI123','80000654');
INSERT INTO HR_PEOPLE(id, surname, givenName) VALUES ('80000655','Doe','Maddie');
INSERT INTO HR_PEOPLE_ROLES(id, role) VALUES ('80000655','community');
INSERT INTO HR_PEOPLE(id, surname, givenName) VALUES ('80000656','Lopez','Isabella');
INSERT INTO HR_PEOPLE_ROLES(id, role) VALUES ('80000656','staff');
INSERT INTO HR_PEOPLE(id, surname, givenName) VALUES ('80000657','Lopez','William');
INSERT INTO HR_PEOPLE_ROLES(id, role) VALUES ('80000657','community');
INSERT INTO HR_PEOPLE(id, surname, givenName) VALUES ('80000658','Martinez','David');
INSERT INTO HR_PEOPLE_ROLES(id, role) VALUES ('80000658','staff');
INSERT INTO HR_PEOPLE(id, surname, givenName) VALUES ('80000659','Peterson','Christina');
INSERT INTO HR_PEOPLE_ROLES(id, role) VALUES ('80000659','staff');
INSERT INTO HR_PEOPLE(id, surname, givenName) VALUES ('80000660','Martinez','Mary');
INSERT INTO HR_PEOPLE_ROLES(id, role) VALUES ('80000660','faculty');
INSERT INTO HR_PEOPLE_ROLES(id, role) VALUES ('80000660','staff');
INSERT INTO SIS_COURSES (termId, courseId, studentId) VALUES ('201810','SCI123','80000660');
INSERT INTO SIS_COURSES (termId, courseId, studentId) VALUES ('201810','ENGL102','80000660');
INSERT INTO SIS_COURSES (termId, courseId, studentId) VALUES ('201810','ACCT101','80000660');
INSERT INTO SIS_COURSES (termId, courseId, studentId) VALUES ('201810','ACCT201','80000660');
INSERT INTO HR_PEOPLE(id, surname, givenName) VALUES ('80000661','Williams','Kiersten');
INSERT INTO HR_PEOPLE_ROLES(id, role) VALUES ('80000661','community');
INSERT INTO HR_PEOPLE(id, surname, givenName) VALUES ('80000662','Johnson','David');
INSERT INTO HR_PEOPLE_ROLES(id, role) VALUES ('80000662','faculty');
INSERT INTO SIS_COURSES (termId, courseId, studentId) VALUES ('201810','SCI123','80000662');
INSERT INTO SIS_COURSES (termId, courseId, studentId) VALUES ('201810','ENGL102','80000662');
INSERT INTO SIS_COURSES (termId, courseId, studentId) VALUES ('201810','ENGL101','80000662');
INSERT INTO SIS_COURSES (termId, courseId, studentId) VALUES ('201810','SCI404','80000662');
INSERT INTO HR_PEOPLE(id, surname, givenName) VALUES ('80000663','Davis','Thomas');
INSERT INTO HR_PEOPLE_ROLES(id, role) VALUES ('80000663','community');
INSERT INTO HR_PEOPLE_ROLES(id, role) VALUES ('80000663','student');
INSERT INTO SIS_COURSES (termId, courseId, studentId) VALUES ('201810','ENGL101','80000663');
INSERT INTO SIS_COURSES (termId, courseId, studentId) VALUES ('201810','ACCT101','80000663');
INSERT INTO SIS_COURSES (termId, courseId, studentId) VALUES ('201810','CS251','80000663');
INSERT INTO SIS_COURSES (termId, courseId, studentId) VALUES ('201810','CS252','80000663');
INSERT INTO HR_PEOPLE(id, surname, givenName) VALUES ('80000664','White','David');
INSERT INTO HR_PEOPLE_ROLES(id, role) VALUES ('80000664','community');
INSERT INTO HR_PEOPLE(id, surname, givenName) VALUES ('80000665','Martinez','Madison');
INSERT INTO HR_PEOPLE(id, surname, givenName) VALUES ('80000666','Lewis','Isabella');
INSERT INTO HR_PEOPLE_ROLES(id, role) VALUES ('80000666','faculty');
INSERT INTO HR_PEOPLE_ROLES(id, role) VALUES ('80000666','staff');
INSERT INTO SIS_COURSES (termId, courseId, studentId) VALUES ('201810','SCI404','80000666');
INSERT INTO HR_PEOPLE(id, surname, givenName) VALUES ('80000667','Gasper','Maddie');
INSERT INTO HR_PEOPLE_ROLES(id, role) VALUES ('80000667','student');
INSERT INTO SIS_COURSES (termId, courseId, studentId) VALUES ('201810','MATH100','80000667');
INSERT INTO HR_PEOPLE(id, surname, givenName) VALUES ('80000668','Grady','David');
INSERT INTO HR_PEOPLE_ROLES(id, role) VALUES ('80000668','community');
INSERT INTO HR_PEOPLE(id, surname, givenName) VALUES ('80000669','Johnson','Ava');
INSERT INTO HR_PEOPLE_ROLES(id, role) VALUES ('80000669','staff');
INSERT INTO HR_PEOPLE(id, surname, givenName) VALUES ('80000670','Butler','Lori');
INSERT INTO HR_PEOPLE(id, surname, givenName) VALUES ('80000671','Scott','Jo');
INSERT INTO HR_PEOPLE_ROLES(id, role) VALUES ('80000671','student');
INSERT INTO SIS_COURSES (termId, courseId, studentId) VALUES ('201810','ENGL101','80000671');
INSERT INTO SIS_COURSES (termId, courseId, studentId) VALUES ('201810','ENGL102','80000671');
INSERT INTO HR_PEOPLE(id, surname, givenName) VALUES ('80000672','Gasper','Maddie');
INSERT INTO HR_PEOPLE_ROLES(id, role) VALUES ('80000672','community');
INSERT INTO HR_PEOPLE(id, surname, givenName) VALUES ('80000673','Brown','Kiersten');
INSERT INTO HR_PEOPLE(id, surname, givenName) VALUES ('80000674','Scott','David');
INSERT INTO HR_PEOPLE_ROLES(id, role) VALUES ('80000674','faculty');
INSERT INTO SIS_COURSES (termId, courseId, studentId) VALUES ('201810','ACCT101','80000674');
INSERT INTO HR_PEOPLE(id, surname, givenName) VALUES ('80000675','Henderson','Amber');
INSERT INTO HR_PEOPLE_ROLES(id, role) VALUES ('80000675','community');
INSERT INTO HR_PEOPLE_ROLES(id, role) VALUES ('80000675','student');
INSERT INTO SIS_COURSES (termId, courseId, studentId) VALUES ('201810','HIST101','80000675');
INSERT INTO SIS_COURSES (termId, courseId, studentId) VALUES ('201810','ENGL102','80000675');
INSERT INTO SIS_COURSES (termId, courseId, studentId) VALUES ('201810','ACCT201','80000675');
INSERT INTO HR_PEOPLE(id, surname, givenName) VALUES ('80000676','Vales','Mark');
INSERT INTO HR_PEOPLE_ROLES(id, role) VALUES ('80000676','student');
INSERT INTO HR_PEOPLE_ROLES(id, role) VALUES ('80000676','staff');
INSERT INTO SIS_COURSES (termId, courseId, studentId) VALUES ('201810','HIST102','80000676');
INSERT INTO SIS_COURSES (termId, courseId, studentId) VALUES ('201810','ENGL101','80000676');
INSERT INTO SIS_COURSES (termId, courseId, studentId) VALUES ('201810','HIST101','80000676');
INSERT INTO HR_PEOPLE(id, surname, givenName) VALUES ('80000677','Walters','Thomas');
INSERT INTO HR_PEOPLE(id, surname, givenName) VALUES ('80000678','Gasper','Thomas');
INSERT INTO HR_PEOPLE_ROLES(id, role) VALUES ('80000678','community');
INSERT INTO HR_PEOPLE(id, surname, givenName) VALUES ('80000679','Gasper','Adian');
INSERT INTO HR_PEOPLE_ROLES(id, role) VALUES ('80000679','staff');
INSERT INTO HR_PEOPLE_ROLES(id, role) VALUES ('80000679','student');
INSERT INTO SIS_COURSES (termId, courseId, studentId) VALUES ('201810','SCI123','80000679');
INSERT INTO HR_PEOPLE(id, surname, givenName) VALUES ('80000680','Vales','Christopher');
INSERT INTO HR_PEOPLE_ROLES(id, role) VALUES ('80000680','staff');
INSERT INTO HR_PEOPLE_ROLES(id, role) VALUES ('80000680','faculty');
INSERT INTO SIS_COURSES (termId, courseId, studentId) VALUES ('201810','ENGL102','80000680');
INSERT INTO SIS_COURSES (termId, courseId, studentId) VALUES ('201810','ACCT201','80000680');
INSERT INTO SIS_COURSES (termId, courseId, studentId) VALUES ('201810','ENGL101','80000680');
INSERT INTO SIS_COURSES (termId, courseId, studentId) VALUES ('201810','SCI404','80000680');
INSERT INTO HR_PEOPLE(id, surname, givenName) VALUES ('80000681','Lopez','Paul');
INSERT INTO HR_PEOPLE_ROLES(id, role) VALUES ('80000681','student');
INSERT INTO SIS_COURSES (termId, courseId, studentId) VALUES ('201810','HIST102','80000681');
INSERT INTO SIS_COURSES (termId, courseId, studentId) VALUES ('201810','SCI404','80000681');
INSERT INTO SIS_COURSES (termId, courseId, studentId) VALUES ('201810','ACCT101','80000681');
INSERT INTO SIS_COURSES (termId, courseId, studentId) VALUES ('201810','ACCT201','80000681');
INSERT INTO HR_PEOPLE(id, surname, givenName) VALUES ('80000682','Doe','James');
INSERT INTO HR_PEOPLE_ROLES(id, role) VALUES ('80000682','staff');
INSERT INTO HR_PEOPLE(id, surname, givenName) VALUES ('80000683','Williams','Erik');
INSERT INTO HR_PEOPLE_ROLES(id, role) VALUES ('80000683','staff');
INSERT INTO HR_PEOPLE(id, surname, givenName) VALUES ('80000684','Lee','Sophia');
INSERT INTO HR_PEOPLE_ROLES(id, role) VALUES ('80000684','community');
INSERT INTO HR_PEOPLE(id, surname, givenName) VALUES ('80000685','Anderson','Kiersten');
INSERT INTO HR_PEOPLE_ROLES(id, role) VALUES ('80000685','student');
INSERT INTO SIS_COURSES (termId, courseId, studentId) VALUES ('201810','ENGL201','80000685');
INSERT INTO SIS_COURSES (termId, courseId, studentId) VALUES ('201810','ACCT101','80000685');
INSERT INTO SIS_COURSES (termId, courseId, studentId) VALUES ('201810','HIST102','80000685');
INSERT INTO HR_PEOPLE(id, surname, givenName) VALUES ('80000686','Henderson','Adian');
INSERT INTO HR_PEOPLE_ROLES(id, role) VALUES ('80000686','staff');
INSERT INTO HR_PEOPLE_ROLES(id, role) VALUES ('80000686','community');
INSERT INTO HR_PEOPLE(id, surname, givenName) VALUES ('80000687','Davis','Kiersten');
INSERT INTO HR_PEOPLE_ROLES(id, role) VALUES ('80000687','community');
INSERT INTO HR_PEOPLE(id, surname, givenName) VALUES ('80000688','Lopez','Olivia');
INSERT INTO HR_PEOPLE_ROLES(id, role) VALUES ('80000688','community');
INSERT INTO HR_PEOPLE_ROLES(id, role) VALUES ('80000688','faculty');
INSERT INTO SIS_COURSES (termId, courseId, studentId) VALUES ('201810','MATH101','80000688');
INSERT INTO SIS_COURSES (termId, courseId, studentId) VALUES ('201810','MATH100','80000688');
INSERT INTO SIS_COURSES (termId, courseId, studentId) VALUES ('201810','ACCT101','80000688');
INSERT INTO SIS_COURSES (termId, courseId, studentId) VALUES ('201810','HIST101','80000688');
INSERT INTO HR_PEOPLE(id, surname, givenName) VALUES ('80000689','Henderson','Debbie');
INSERT INTO HR_PEOPLE_ROLES(id, role) VALUES ('80000689','community');
INSERT INTO HR_PEOPLE(id, surname, givenName) VALUES ('80000690','Williams','Greg');
INSERT INTO HR_PEOPLE_ROLES(id, role) VALUES ('80000690','student');
INSERT INTO SIS_COURSES (termId, courseId, studentId) VALUES ('201810','SCI123','80000690');
INSERT INTO HR_PEOPLE(id, surname, givenName) VALUES ('80000691','Price','Paul');
INSERT INTO HR_PEOPLE_ROLES(id, role) VALUES ('80000691','student');
INSERT INTO SIS_COURSES (termId, courseId, studentId) VALUES ('201810','SCI123','80000691');
INSERT INTO HR_PEOPLE(id, surname, givenName) VALUES ('80000692','Clark','Madison');
INSERT INTO HR_PEOPLE_ROLES(id, role) VALUES ('80000692','community');
INSERT INTO HR_PEOPLE_ROLES(id, role) VALUES ('80000692','student');
INSERT INTO SIS_COURSES (termId, courseId, studentId) VALUES ('201810','SCI123','80000692');
INSERT INTO SIS_COURSES (termId, courseId, studentId) VALUES ('201810','MATH101','80000692');
INSERT INTO SIS_COURSES (termId, courseId, studentId) VALUES ('201810','SCI404','80000692');
INSERT INTO SIS_COURSES (termId, courseId, studentId) VALUES ('201810','ENGL101','80000692');
INSERT INTO HR_PEOPLE(id, surname, givenName) VALUES ('80000693','Roberts','Perry');
INSERT INTO HR_PEOPLE_ROLES(id, role) VALUES ('80000693','student');
INSERT INTO SIS_COURSES (termId, courseId, studentId) VALUES ('201810','CS251','80000693');
INSERT INTO SIS_COURSES (termId, courseId, studentId) VALUES ('201810','ENGL102','80000693');
INSERT INTO HR_PEOPLE(id, surname, givenName) VALUES ('80000694','Peterson','Paul');
INSERT INTO HR_PEOPLE_ROLES(id, role) VALUES ('80000694','community');
INSERT INTO HR_PEOPLE(id, surname, givenName) VALUES ('80000695','Roberts','Amber');
INSERT INTO HR_PEOPLE_ROLES(id, role) VALUES ('80000695','faculty');
INSERT INTO HR_PEOPLE_ROLES(id, role) VALUES ('80000695','student');
INSERT INTO SIS_COURSES (termId, courseId, studentId) VALUES ('201810','ENGL102','80000695');
INSERT INTO SIS_COURSES (termId, courseId, studentId) VALUES ('201810','CS251','80000695');
INSERT INTO HR_PEOPLE(id, surname, givenName) VALUES ('80000696','Lewis','Eric');
INSERT INTO HR_PEOPLE_ROLES(id, role) VALUES ('80000696','staff');
INSERT INTO HR_PEOPLE_ROLES(id, role) VALUES ('80000696','student');
INSERT INTO SIS_COURSES (termId, courseId, studentId) VALUES ('201810','ACCT101','80000696');
INSERT INTO SIS_COURSES (termId, courseId, studentId) VALUES ('201810','ENGL101','80000696');
INSERT INTO SIS_COURSES (termId, courseId, studentId) VALUES ('201810','SCI404','80000696');
INSERT INTO HR_PEOPLE(id, surname, givenName) VALUES ('80000697','Brown','Sarah');
INSERT INTO HR_PEOPLE_ROLES(id, role) VALUES ('80000697','staff');
INSERT INTO HR_PEOPLE_ROLES(id, role) VALUES ('80000697','community');
INSERT INTO HR_PEOPLE(id, surname, givenName) VALUES ('80000698','Gonazles','Mark');
INSERT INTO HR_PEOPLE_ROLES(id, role) VALUES ('80000698','staff');
INSERT INTO HR_PEOPLE(id, surname, givenName) VALUES ('80000699','Price','John');
INSERT INTO HR_PEOPLE_ROLES(id, role) VALUES ('80000699','staff');
INSERT INTO HR_PEOPLE(id, surname, givenName) VALUES ('80000700','Brown','Emma');
INSERT INTO HR_PEOPLE_ROLES(id, role) VALUES ('80000700','student');
INSERT INTO SIS_COURSES (termId, courseId, studentId) VALUES ('201810','ENGL101','80000700');
INSERT INTO HR_PEOPLE(id, surname, givenName) VALUES ('80000701','Walters','Jennifer');
INSERT INTO HR_PEOPLE(id, surname, givenName) VALUES ('80000702','Gasper','Karoline');
INSERT INTO HR_PEOPLE_ROLES(id, role) VALUES ('80000702','faculty');
INSERT INTO SIS_COURSES (termId, courseId, studentId) VALUES ('201810','SCI123','80000702');
INSERT INTO HR_PEOPLE(id, surname, givenName) VALUES ('80000703','Martinez','Bill');
INSERT INTO HR_PEOPLE_ROLES(id, role) VALUES ('80000703','community');
INSERT INTO HR_PEOPLE(id, surname, givenName) VALUES ('80000704','Walters','Emma');
INSERT INTO HR_PEOPLE_ROLES(id, role) VALUES ('80000704','community');
INSERT INTO HR_PEOPLE_ROLES(id, role) VALUES ('80000704','staff');
INSERT INTO HR_PEOPLE(id, surname, givenName) VALUES ('80000705','Price','Jeremy');
INSERT INTO HR_PEOPLE_ROLES(id, role) VALUES ('80000705','community');
INSERT INTO HR_PEOPLE_ROLES(id, role) VALUES ('80000705','student');
INSERT INTO SIS_COURSES (termId, courseId, studentId) VALUES ('201810','SCI404','80000705');
INSERT INTO HR_PEOPLE(id, surname, givenName) VALUES ('80000706','Price','Ann');
INSERT INTO HR_PEOPLE_ROLES(id, role) VALUES ('80000706','student');
INSERT INTO HR_PEOPLE_ROLES(id, role) VALUES ('80000706','staff');
INSERT INTO SIS_COURSES (termId, courseId, studentId) VALUES ('201810','SCI404','80000706');
INSERT INTO SIS_COURSES (termId, courseId, studentId) VALUES ('201810','MATH101','80000706');
INSERT INTO HR_PEOPLE(id, surname, givenName) VALUES ('80000707','Clark','Adian');
INSERT INTO HR_PEOPLE_ROLES(id, role) VALUES ('80000707','student');
INSERT INTO SIS_COURSES (termId, courseId, studentId) VALUES ('201810','HIST102','80000707');
INSERT INTO HR_PEOPLE(id, surname, givenName) VALUES ('80000708','Anderson','Paul');
INSERT INTO HR_PEOPLE_ROLES(id, role) VALUES ('80000708','staff');
INSERT INTO HR_PEOPLE_ROLES(id, role) VALUES ('80000708','student');
INSERT INTO SIS_COURSES (termId, courseId, studentId) VALUES ('201810','ACCT101','80000708');
INSERT INTO SIS_COURSES (termId, courseId, studentId) VALUES ('201810','MATH100','80000708');
INSERT INTO SIS_COURSES (termId, courseId, studentId) VALUES ('201810','CS252','80000708');
INSERT INTO SIS_COURSES (termId, courseId, studentId) VALUES ('201810','ENGL201','80000708');
INSERT INTO HR_PEOPLE(id, surname, givenName) VALUES ('80000709','Roberts','Megan');
INSERT INTO HR_PEOPLE_ROLES(id, role) VALUES ('80000709','staff');
INSERT INTO HR_PEOPLE(id, surname, givenName) VALUES ('80000710','Brown','Greg');
INSERT INTO HR_PEOPLE_ROLES(id, role) VALUES ('80000710','staff');
INSERT INTO HR_PEOPLE(id, surname, givenName) VALUES ('80000711','Price','John');
INSERT INTO HR_PEOPLE_ROLES(id, role) VALUES ('80000711','faculty');
INSERT INTO HR_PEOPLE_ROLES(id, role) VALUES ('80000711','community');
INSERT INTO SIS_COURSES (termId, courseId, studentId) VALUES ('201810','SCI404','80000711');
INSERT INTO SIS_COURSES (termId, courseId, studentId) VALUES ('201810','CS252','80000711');
INSERT INTO HR_PEOPLE(id, surname, givenName) VALUES ('80000712','Gasper','Robert');
INSERT INTO HR_PEOPLE_ROLES(id, role) VALUES ('80000712','faculty');
INSERT INTO HR_PEOPLE_ROLES(id, role) VALUES ('80000712','student');
INSERT INTO SIS_COURSES (termId, courseId, studentId) VALUES ('201810','CS252','80000712');
INSERT INTO HR_PEOPLE(id, surname, givenName) VALUES ('80000713','Gonazles','Steve');
INSERT INTO HR_PEOPLE_ROLES(id, role) VALUES ('80000713','student');
INSERT INTO HR_PEOPLE_ROLES(id, role) VALUES ('80000713','staff');
INSERT INTO SIS_COURSES (termId, courseId, studentId) VALUES ('201810','ENGL101','80000713');
INSERT INTO SIS_COURSES (termId, courseId, studentId) VALUES ('201810','ENGL102','80000713');
INSERT INTO HR_PEOPLE(id, surname, givenName) VALUES ('80000714','Thompson','Anna');
INSERT INTO HR_PEOPLE_ROLES(id, role) VALUES ('80000714','community');
INSERT INTO HR_PEOPLE(id, surname, givenName) VALUES ('80000715','Thompson','Robert');
INSERT INTO HR_PEOPLE_ROLES(id, role) VALUES ('80000715','student');
INSERT INTO SIS_COURSES (termId, courseId, studentId) VALUES ('201810','ENGL201','80000715');
INSERT INTO SIS_COURSES (termId, courseId, studentId) VALUES ('201810','CS251','80000715');
INSERT INTO SIS_COURSES (termId, courseId, studentId) VALUES ('201810','HIST101','80000715');
INSERT INTO HR_PEOPLE(id, surname, givenName) VALUES ('80000716','Grady','Karoline');
INSERT INTO HR_PEOPLE_ROLES(id, role) VALUES ('80000716','staff');
INSERT INTO HR_PEOPLE(id, surname, givenName) VALUES ('80000717','Vales','Lori');
INSERT INTO HR_PEOPLE_ROLES(id, role) VALUES ('80000717','staff');
INSERT INTO HR_PEOPLE_ROLES(id, role) VALUES ('80000717','student');
INSERT INTO SIS_COURSES (termId, courseId, studentId) VALUES ('201810','SCI123','80000717');
INSERT INTO SIS_COURSES (termId, courseId, studentId) VALUES ('201810','ENGL201','80000717');
INSERT INTO SIS_COURSES (termId, courseId, studentId) VALUES ('201810','SCI404','80000717');
INSERT INTO SIS_COURSES (termId, courseId, studentId) VALUES ('201810','MATH101','80000717');
INSERT INTO HR_PEOPLE(id, surname, givenName) VALUES ('80000718','Langenberg','Eric');
INSERT INTO HR_PEOPLE_ROLES(id, role) VALUES ('80000718','faculty');
INSERT INTO SIS_COURSES (termId, courseId, studentId) VALUES ('201810','SCI404','80000718');
INSERT INTO HR_PEOPLE(id, surname, givenName) VALUES ('80000719','Butler','Sophia');
INSERT INTO HR_PEOPLE_ROLES(id, role) VALUES ('80000719','student');
INSERT INTO SIS_COURSES (termId, courseId, studentId) VALUES ('201810','ACCT101','80000719');
INSERT INTO SIS_COURSES (termId, courseId, studentId) VALUES ('201810','SCI404','80000719');
INSERT INTO SIS_COURSES (termId, courseId, studentId) VALUES ('201810','SCI123','80000719');
INSERT INTO HR_PEOPLE(id, surname, givenName) VALUES ('80000720','Anderson','Karoline');
INSERT INTO HR_PEOPLE_ROLES(id, role) VALUES ('80000720','community');
INSERT INTO HR_PEOPLE_ROLES(id, role) VALUES ('80000720','staff');
INSERT INTO HR_PEOPLE(id, surname, givenName) VALUES ('80000721','Smith','Christopher');
INSERT INTO HR_PEOPLE_ROLES(id, role) VALUES ('80000721','faculty');
INSERT INTO SIS_COURSES (termId, courseId, studentId) VALUES ('201810','CS251','80000721');
INSERT INTO SIS_COURSES (termId, courseId, studentId) VALUES ('201810','ACCT201','80000721');
INSERT INTO SIS_COURSES (termId, courseId, studentId) VALUES ('201810','ACCT101','80000721');
INSERT INTO SIS_COURSES (termId, courseId, studentId) VALUES ('201810','ENGL102','80000721');
INSERT INTO HR_PEOPLE(id, surname, givenName) VALUES ('80000722','Williams','Mary');
INSERT INTO HR_PEOPLE_ROLES(id, role) VALUES ('80000722','staff');
INSERT INTO HR_PEOPLE(id, surname, givenName) VALUES ('80000723','Lopez','Betty');
INSERT INTO HR_PEOPLE_ROLES(id, role) VALUES ('80000723','staff');
INSERT INTO HR_PEOPLE(id, surname, givenName) VALUES ('80000724','Gasper','Jennifer');
INSERT INTO HR_PEOPLE(id, surname, givenName) VALUES ('80000725','Peterson','Lexi');
INSERT INTO HR_PEOPLE_ROLES(id, role) VALUES ('80000725','staff');
INSERT INTO HR_PEOPLE(id, surname, givenName) VALUES ('80000726','Henderson','Greg');
INSERT INTO HR_PEOPLE(id, surname, givenName) VALUES ('80000727','Gonazles','Olivia');
INSERT INTO HR_PEOPLE_ROLES(id, role) VALUES ('80000727','staff');
INSERT INTO HR_PEOPLE(id, surname, givenName) VALUES ('80000728','Martinez','Steve');
INSERT INTO HR_PEOPLE(id, surname, givenName) VALUES ('80000729','Langenberg','Greg');
INSERT INTO HR_PEOPLE_ROLES(id, role) VALUES ('80000729','staff');
INSERT INTO HR_PEOPLE_ROLES(id, role) VALUES ('80000729','community');
INSERT INTO HR_PEOPLE(id, surname, givenName) VALUES ('80000730','Vales','Jeremy');
INSERT INTO HR_PEOPLE_ROLES(id, role) VALUES ('80000730','student');
INSERT INTO SIS_COURSES (termId, courseId, studentId) VALUES ('201810','SCI123','80000730');
INSERT INTO SIS_COURSES (termId, courseId, studentId) VALUES ('201810','CS252','80000730');
INSERT INTO SIS_COURSES (termId, courseId, studentId) VALUES ('201810','ENGL201','80000730');
INSERT INTO HR_PEOPLE(id, surname, givenName) VALUES ('80000731','Morrison','Jennifer');
INSERT INTO HR_PEOPLE_ROLES(id, role) VALUES ('80000731','staff');
INSERT INTO HR_PEOPLE_ROLES(id, role) VALUES ('80000731','student');
INSERT INTO SIS_COURSES (termId, courseId, studentId) VALUES ('201810','CS252','80000731');
INSERT INTO HR_PEOPLE(id, surname, givenName) VALUES ('80000732','Walters','David');
INSERT INTO HR_PEOPLE_ROLES(id, role) VALUES ('80000732','faculty');
INSERT INTO SIS_COURSES (termId, courseId, studentId) VALUES ('201810','SCI123','80000732');
INSERT INTO SIS_COURSES (termId, courseId, studentId) VALUES ('201810','ENGL201','80000732');
INSERT INTO SIS_COURSES (termId, courseId, studentId) VALUES ('201810','SCI404','80000732');
INSERT INTO HR_PEOPLE(id, surname, givenName) VALUES ('80000733','Anderson','Colin');
INSERT INTO HR_PEOPLE_ROLES(id, role) VALUES ('80000733','community');
INSERT INTO HR_PEOPLE(id, surname, givenName) VALUES ('80000734','Thompson','Olivia');
INSERT INTO HR_PEOPLE_ROLES(id, role) VALUES ('80000734','faculty');
INSERT INTO SIS_COURSES (termId, courseId, studentId) VALUES ('201810','ACCT101','80000734');
INSERT INTO SIS_COURSES (termId, courseId, studentId) VALUES ('201810','ACCT201','80000734');
INSERT INTO SIS_COURSES (termId, courseId, studentId) VALUES ('201810','CS252','80000734');
INSERT INTO SIS_COURSES (termId, courseId, studentId) VALUES ('201810','SCI123','80000734');
INSERT INTO HR_PEOPLE(id, surname, givenName) VALUES ('80000735','Vales','Betty');
INSERT INTO HR_PEOPLE_ROLES(id, role) VALUES ('80000735','student');
INSERT INTO HR_PEOPLE_ROLES(id, role) VALUES ('80000735','community');
INSERT INTO SIS_COURSES (termId, courseId, studentId) VALUES ('201810','HIST101','80000735');
INSERT INTO SIS_COURSES (termId, courseId, studentId) VALUES ('201810','MATH101','80000735');
INSERT INTO SIS_COURSES (termId, courseId, studentId) VALUES ('201810','ACCT201','80000735');
INSERT INTO SIS_COURSES (termId, courseId, studentId) VALUES ('201810','CS252','80000735');
INSERT INTO HR_PEOPLE(id, surname, givenName) VALUES ('80000736','Price','Karoline');
INSERT INTO HR_PEOPLE_ROLES(id, role) VALUES ('80000736','faculty');
INSERT INTO HR_PEOPLE_ROLES(id, role) VALUES ('80000736','community');
INSERT INTO SIS_COURSES (termId, courseId, studentId) VALUES ('201810','CS251','80000736');
INSERT INTO HR_PEOPLE(id, surname, givenName) VALUES ('80000737','Williams','Donna');
INSERT INTO HR_PEOPLE_ROLES(id, role) VALUES ('80000737','staff');
INSERT INTO HR_PEOPLE_ROLES(id, role) VALUES ('80000737','community');
INSERT INTO HR_PEOPLE(id, surname, givenName) VALUES ('80000738','Smith','Kiersten');
INSERT INTO HR_PEOPLE_ROLES(id, role) VALUES ('80000738','faculty');
INSERT INTO SIS_COURSES (termId, courseId, studentId) VALUES ('201810','HIST102','80000738');
INSERT INTO HR_PEOPLE(id, surname, givenName) VALUES ('80000739','Walters','Bill');
INSERT INTO HR_PEOPLE_ROLES(id, role) VALUES ('80000739','staff');
INSERT INTO HR_PEOPLE(id, surname, givenName) VALUES ('80000740','Roberts','Kim');
INSERT INTO HR_PEOPLE_ROLES(id, role) VALUES ('80000740','faculty');
INSERT INTO SIS_COURSES (termId, courseId, studentId) VALUES ('201810','HIST102','80000740');
INSERT INTO SIS_COURSES (termId, courseId, studentId) VALUES ('201810','ACCT201','80000740');
INSERT INTO HR_PEOPLE(id, surname, givenName) VALUES ('80000741','Thompson','Paul');
INSERT INTO HR_PEOPLE_ROLES(id, role) VALUES ('80000741','staff');
INSERT INTO HR_PEOPLE(id, surname, givenName) VALUES ('80000742','Brown','Thomas');
INSERT INTO HR_PEOPLE_ROLES(id, role) VALUES ('80000742','faculty');
INSERT INTO SIS_COURSES (termId, courseId, studentId) VALUES ('201810','ENGL102','80000742');
INSERT INTO SIS_COURSES (termId, courseId, studentId) VALUES ('201810','ENGL201','80000742');
INSERT INTO HR_PEOPLE(id, surname, givenName) VALUES ('80000743','Thompson','William');
INSERT INTO HR_PEOPLE_ROLES(id, role) VALUES ('80000743','community');
INSERT INTO HR_PEOPLE(id, surname, givenName) VALUES ('80000744','Butler','Ava');
INSERT INTO HR_PEOPLE_ROLES(id, role) VALUES ('80000744','student');
INSERT INTO HR_PEOPLE_ROLES(id, role) VALUES ('80000744','staff');
INSERT INTO SIS_COURSES (termId, courseId, studentId) VALUES ('201810','SCI404','80000744');
INSERT INTO SIS_COURSES (termId, courseId, studentId) VALUES ('201810','HIST101','80000744');
INSERT INTO SIS_COURSES (termId, courseId, studentId) VALUES ('201810','ENGL102','80000744');
INSERT INTO SIS_COURSES (termId, courseId, studentId) VALUES ('201810','ENGL201','80000744');
INSERT INTO HR_PEOPLE(id, surname, givenName) VALUES ('80000745','Langenberg','Mary');
INSERT INTO HR_PEOPLE_ROLES(id, role) VALUES ('80000745','staff');
INSERT INTO HR_PEOPLE_ROLES(id, role) VALUES ('80000745','faculty');
INSERT INTO SIS_COURSES (termId, courseId, studentId) VALUES ('201810','CS251','80000745');
INSERT INTO HR_PEOPLE(id, surname, givenName) VALUES ('80000746','Langenberg','Marie');
INSERT INTO HR_PEOPLE_ROLES(id, role) VALUES ('80000746','student');
INSERT INTO SIS_COURSES (termId, courseId, studentId) VALUES ('201810','ENGL101','80000746');
INSERT INTO SIS_COURSES (termId, courseId, studentId) VALUES ('201810','ENGL201','80000746');
INSERT INTO HR_PEOPLE(id, surname, givenName) VALUES ('80000747','Grady','Sophia');
INSERT INTO HR_PEOPLE_ROLES(id, role) VALUES ('80000747','faculty');
INSERT INTO HR_PEOPLE_ROLES(id, role) VALUES ('80000747','student');
INSERT INTO SIS_COURSES (termId, courseId, studentId) VALUES ('201810','MATH101','80000747');
INSERT INTO SIS_COURSES (termId, courseId, studentId) VALUES ('201810','SCI123','80000747');
INSERT INTO SIS_COURSES (termId, courseId, studentId) VALUES ('201810','ENGL201','80000747');
INSERT INTO HR_PEOPLE(id, surname, givenName) VALUES ('80000748','Clark','Thomas');
INSERT INTO HR_PEOPLE_ROLES(id, role) VALUES ('80000748','community');
INSERT INTO HR_PEOPLE_ROLES(id, role) VALUES ('80000748','faculty');
INSERT INTO SIS_COURSES (termId, courseId, studentId) VALUES ('201810','ACCT201','80000748');
INSERT INTO SIS_COURSES (termId, courseId, studentId) VALUES ('201810','ACCT101','80000748');
INSERT INTO SIS_COURSES (termId, courseId, studentId) VALUES ('201810','MATH100','80000748');
INSERT INTO HR_PEOPLE(id, surname, givenName) VALUES ('80000749','Johnson','Mark');
INSERT INTO HR_PEOPLE_ROLES(id, role) VALUES ('80000749','staff');
INSERT INTO HR_PEOPLE(id, surname, givenName) VALUES ('80000750','Anderson','Thomas');
INSERT INTO HR_PEOPLE_ROLES(id, role) VALUES ('80000750','community');
INSERT INTO HR_PEOPLE(id, surname, givenName) VALUES ('80000751','Gonazles','Debbie');
INSERT INTO HR_PEOPLE_ROLES(id, role) VALUES ('80000751','faculty');
INSERT INTO SIS_COURSES (termId, courseId, studentId) VALUES ('201810','CS251','80000751');
INSERT INTO HR_PEOPLE(id, surname, givenName) VALUES ('80000752','Lopez','Ann');
INSERT INTO HR_PEOPLE_ROLES(id, role) VALUES ('80000752','community');
INSERT INTO HR_PEOPLE(id, surname, givenName) VALUES ('80000753','Gasper','Christopher');
INSERT INTO HR_PEOPLE_ROLES(id, role) VALUES ('80000753','student');
INSERT INTO SIS_COURSES (termId, courseId, studentId) VALUES ('201810','ACCT101','80000753');
INSERT INTO SIS_COURSES (termId, courseId, studentId) VALUES ('201810','ENGL101','80000753');
INSERT INTO SIS_COURSES (termId, courseId, studentId) VALUES ('201810','SCI404','80000753');
INSERT INTO SIS_COURSES (termId, courseId, studentId) VALUES ('201810','HIST101','80000753');
INSERT INTO HR_PEOPLE(id, surname, givenName) VALUES ('80000754','Scott','Sophia');
INSERT INTO HR_PEOPLE_ROLES(id, role) VALUES ('80000754','staff');
INSERT INTO HR_PEOPLE(id, surname, givenName) VALUES ('80000755','Vales','Karoline');
INSERT INTO HR_PEOPLE_ROLES(id, role) VALUES ('80000755','staff');
INSERT INTO HR_PEOPLE_ROLES(id, role) VALUES ('80000755','community');
INSERT INTO HR_PEOPLE(id, surname, givenName) VALUES ('80000756','Doe','Andrew');
INSERT INTO HR_PEOPLE_ROLES(id, role) VALUES ('80000756','faculty');
INSERT INTO SIS_COURSES (termId, courseId, studentId) VALUES ('201810','ENGL101','80000756');
INSERT INTO SIS_COURSES (termId, courseId, studentId) VALUES ('201810','CS252','80000756');
INSERT INTO SIS_COURSES (termId, courseId, studentId) VALUES ('201810','SCI404','80000756');
INSERT INTO SIS_COURSES (termId, courseId, studentId) VALUES ('201810','SCI123','80000756');
INSERT INTO HR_PEOPLE(id, surname, givenName) VALUES ('80000757','Henderson','Nancy');
INSERT INTO HR_PEOPLE_ROLES(id, role) VALUES ('80000757','community');
INSERT INTO HR_PEOPLE_ROLES(id, role) VALUES ('80000757','staff');
INSERT INTO HR_PEOPLE(id, surname, givenName) VALUES ('80000758','Walters','Ava');
INSERT INTO HR_PEOPLE_ROLES(id, role) VALUES ('80000758','community');
INSERT INTO HR_PEOPLE(id, surname, givenName) VALUES ('80000759','Henderson','Mary');
INSERT INTO HR_PEOPLE_ROLES(id, role) VALUES ('80000759','staff');
INSERT INTO HR_PEOPLE(id, surname, givenName) VALUES ('80000760','Martinez','Marie');
INSERT INTO HR_PEOPLE_ROLES(id, role) VALUES ('80000760','faculty');
INSERT INTO SIS_COURSES (termId, courseId, studentId) VALUES ('201810','HIST102','80000760');
INSERT INTO SIS_COURSES (termId, courseId, studentId) VALUES ('201810','CS251','80000760');
INSERT INTO SIS_COURSES (termId, courseId, studentId) VALUES ('201810','MATH100','80000760');
INSERT INTO SIS_COURSES (termId, courseId, studentId) VALUES ('201810','ENGL102','80000760');
INSERT INTO HR_PEOPLE(id, surname, givenName) VALUES ('80000761','White','Paul');
INSERT INTO HR_PEOPLE_ROLES(id, role) VALUES ('80000761','faculty');
INSERT INTO HR_PEOPLE_ROLES(id, role) VALUES ('80000761','staff');
INSERT INTO SIS_COURSES (termId, courseId, studentId) VALUES ('201810','MATH101','80000761');
INSERT INTO SIS_COURSES (termId, courseId, studentId) VALUES ('201810','ACCT101','80000761');
INSERT INTO SIS_COURSES (termId, courseId, studentId) VALUES ('201810','CS251','80000761');
INSERT INTO SIS_COURSES (termId, courseId, studentId) VALUES ('201810','MATH100','80000761');
INSERT INTO HR_PEOPLE(id, surname, givenName) VALUES ('80000762','Thompson','Emma');
INSERT INTO HR_PEOPLE_ROLES(id, role) VALUES ('80000762','staff');
INSERT INTO HR_PEOPLE(id, surname, givenName) VALUES ('80000763','Davis','David');
INSERT INTO HR_PEOPLE_ROLES(id, role) VALUES ('80000763','community');
INSERT INTO HR_PEOPLE(id, surname, givenName) VALUES ('80000764','Peterson','Mia');
INSERT INTO HR_PEOPLE_ROLES(id, role) VALUES ('80000764','student');
INSERT INTO SIS_COURSES (termId, courseId, studentId) VALUES ('201810','MATH100','80000764');
INSERT INTO HR_PEOPLE(id, surname, givenName) VALUES ('80000765','Scott','Claire');
INSERT INTO HR_PEOPLE_ROLES(id, role) VALUES ('80000765','community');
INSERT INTO HR_PEOPLE_ROLES(id, role) VALUES ('80000765','staff');
INSERT INTO HR_PEOPLE(id, surname, givenName) VALUES ('80000766','Scott','Marie');
INSERT INTO HR_PEOPLE_ROLES(id, role) VALUES ('80000766','staff');
INSERT INTO HR_PEOPLE(id, surname, givenName) VALUES ('80000767','Roberts','Perry');
INSERT INTO HR_PEOPLE(id, surname, givenName) VALUES ('80000768','White','Jo');
INSERT INTO HR_PEOPLE_ROLES(id, role) VALUES ('80000768','staff');
INSERT INTO HR_PEOPLE(id, surname, givenName) VALUES ('80000769','Grady','Greg');
INSERT INTO HR_PEOPLE_ROLES(id, role) VALUES ('80000769','community');
INSERT INTO HR_PEOPLE(id, surname, givenName) VALUES ('80000770','Brown','Kim');
INSERT INTO HR_PEOPLE_ROLES(id, role) VALUES ('80000770','student');
INSERT INTO HR_PEOPLE_ROLES(id, role) VALUES ('80000770','community');
INSERT INTO SIS_COURSES (termId, courseId, studentId) VALUES ('201810','ACCT201','80000770');
INSERT INTO SIS_COURSES (termId, courseId, studentId) VALUES ('201810','ACCT101','80000770');
INSERT INTO SIS_COURSES (termId, courseId, studentId) VALUES ('201810','MATH101','80000770');
INSERT INTO SIS_COURSES (termId, courseId, studentId) VALUES ('201810','SCI404','80000770');
INSERT INTO HR_PEOPLE(id, surname, givenName) VALUES ('80000771','Walters','Debbie');
INSERT INTO HR_PEOPLE_ROLES(id, role) VALUES ('80000771','student');
INSERT INTO HR_PEOPLE_ROLES(id, role) VALUES ('80000771','community');
INSERT INTO SIS_COURSES (termId, courseId, studentId) VALUES ('201810','HIST101','80000771');
INSERT INTO SIS_COURSES (termId, courseId, studentId) VALUES ('201810','SCI123','80000771');
INSERT INTO SIS_COURSES (termId, courseId, studentId) VALUES ('201810','HIST102','80000771');
INSERT INTO HR_PEOPLE(id, surname, givenName) VALUES ('80000772','Roberts','Betty');
INSERT INTO HR_PEOPLE_ROLES(id, role) VALUES ('80000772','community');
INSERT INTO HR_PEOPLE_ROLES(id, role) VALUES ('80000772','staff');
INSERT INTO HR_PEOPLE(id, surname, givenName) VALUES ('80000773','Doe','Christina');
INSERT INTO HR_PEOPLE_ROLES(id, role) VALUES ('80000773','faculty');
INSERT INTO SIS_COURSES (termId, courseId, studentId) VALUES ('201810','ENGL201','80000773');
INSERT INTO SIS_COURSES (termId, courseId, studentId) VALUES ('201810','SCI123','80000773');
INSERT INTO HR_PEOPLE(id, surname, givenName) VALUES ('80000774','Peterson','Lori');
INSERT INTO HR_PEOPLE_ROLES(id, role) VALUES ('80000774','community');
INSERT INTO HR_PEOPLE(id, surname, givenName) VALUES ('80000775','Gasper','David');
INSERT INTO HR_PEOPLE_ROLES(id, role) VALUES ('80000775','staff');
INSERT INTO HR_PEOPLE(id, surname, givenName) VALUES ('80000776','Brown','Mary');
INSERT INTO HR_PEOPLE_ROLES(id, role) VALUES ('80000776','staff');
INSERT INTO HR_PEOPLE_ROLES(id, role) VALUES ('80000776','community');
INSERT INTO HR_PEOPLE(id, surname, givenName) VALUES ('80000777','Scott','Andrew');
INSERT INTO HR_PEOPLE_ROLES(id, role) VALUES ('80000777','student');
INSERT INTO SIS_COURSES (termId, courseId, studentId) VALUES ('201810','MATH100','80000777');
INSERT INTO SIS_COURSES (termId, courseId, studentId) VALUES ('201810','HIST101','80000777');
INSERT INTO SIS_COURSES (termId, courseId, studentId) VALUES ('201810','ENGL102','80000777');
INSERT INTO HR_PEOPLE(id, surname, givenName) VALUES ('80000778','Davis','Perry');
INSERT INTO HR_PEOPLE_ROLES(id, role) VALUES ('80000778','student');
INSERT INTO SIS_COURSES (termId, courseId, studentId) VALUES ('201810','ACCT201','80000778');
INSERT INTO SIS_COURSES (termId, courseId, studentId) VALUES ('201810','SCI404','80000778');
INSERT INTO HR_PEOPLE(id, surname, givenName) VALUES ('80000779','Grady','Colin');
INSERT INTO HR_PEOPLE_ROLES(id, role) VALUES ('80000779','staff');
INSERT INTO HR_PEOPLE_ROLES(id, role) VALUES ('80000779','faculty');
INSERT INTO SIS_COURSES (termId, courseId, studentId) VALUES ('201810','CS252','80000779');
INSERT INTO SIS_COURSES (termId, courseId, studentId) VALUES ('201810','SCI404','80000779');
INSERT INTO SIS_COURSES (termId, courseId, studentId) VALUES ('201810','ENGL102','80000779');
INSERT INTO SIS_COURSES (termId, courseId, studentId) VALUES ('201810','ENGL101','80000779');
INSERT INTO HR_PEOPLE(id, surname, givenName) VALUES ('80000780','Price','Colin');
INSERT INTO HR_PEOPLE_ROLES(id, role) VALUES ('80000780','student');
INSERT INTO HR_PEOPLE_ROLES(id, role) VALUES ('80000780','faculty');
INSERT INTO SIS_COURSES (termId, courseId, studentId) VALUES ('201810','HIST102','80000780');
INSERT INTO HR_PEOPLE(id, surname, givenName) VALUES ('80000781','Lewis','Michael');
INSERT INTO HR_PEOPLE(id, surname, givenName) VALUES ('80000782','Morrison','Mary');
INSERT INTO HR_PEOPLE_ROLES(id, role) VALUES ('80000782','student');
INSERT INTO SIS_COURSES (termId, courseId, studentId) VALUES ('201810','ACCT201','80000782');
INSERT INTO SIS_COURSES (termId, courseId, studentId) VALUES ('201810','SCI404','80000782');
INSERT INTO HR_PEOPLE(id, surname, givenName) VALUES ('80000783','Vales','William');
INSERT INTO HR_PEOPLE_ROLES(id, role) VALUES ('80000783','staff');
INSERT INTO HR_PEOPLE(id, surname, givenName) VALUES ('80000784','Johnson','Betty');
INSERT INTO HR_PEOPLE_ROLES(id, role) VALUES ('80000784','faculty');
INSERT INTO HR_PEOPLE_ROLES(id, role) VALUES ('80000784','community');
INSERT INTO SIS_COURSES (termId, courseId, studentId) VALUES ('201810','ENGL102','80000784');
INSERT INTO SIS_COURSES (termId, courseId, studentId) VALUES ('201810','SCI404','80000784');
INSERT INTO SIS_COURSES (termId, courseId, studentId) VALUES ('201810','CS252','80000784');
INSERT INTO HR_PEOPLE(id, surname, givenName) VALUES ('80000785','Gasper','Robert');
INSERT INTO HR_PEOPLE_ROLES(id, role) VALUES ('80000785','faculty');
INSERT INTO SIS_COURSES (termId, courseId, studentId) VALUES ('201810','ACCT201','80000785');
INSERT INTO SIS_COURSES (termId, courseId, studentId) VALUES ('201810','HIST102','80000785');
INSERT INTO SIS_COURSES (termId, courseId, studentId) VALUES ('201810','SCI123','80000785');
INSERT INTO SIS_COURSES (termId, courseId, studentId) VALUES ('201810','CS251','80000785');
INSERT INTO HR_PEOPLE(id, surname, givenName) VALUES ('80000786','Lewis','Amber');
INSERT INTO HR_PEOPLE_ROLES(id, role) VALUES ('80000786','staff');
INSERT INTO HR_PEOPLE_ROLES(id, role) VALUES ('80000786','faculty');
INSERT INTO SIS_COURSES (termId, courseId, studentId) VALUES ('201810','ENGL201','80000786');
INSERT INTO SIS_COURSES (termId, courseId, studentId) VALUES ('201810','ACCT101','80000786');
INSERT INTO SIS_COURSES (termId, courseId, studentId) VALUES ('201810','ACCT201','80000786');
INSERT INTO HR_PEOPLE(id, surname, givenName) VALUES ('80000787','Walters','Paul');
INSERT INTO HR_PEOPLE_ROLES(id, role) VALUES ('80000787','faculty');
INSERT INTO SIS_COURSES (termId, courseId, studentId) VALUES ('201810','HIST102','80000787');
INSERT INTO SIS_COURSES (termId, courseId, studentId) VALUES ('201810','CS252','80000787');
INSERT INTO SIS_COURSES (termId, courseId, studentId) VALUES ('201810','SCI404','80000787');
INSERT INTO SIS_COURSES (termId, courseId, studentId) VALUES ('201810','MATH100','80000787');
INSERT INTO HR_PEOPLE(id, surname, givenName) VALUES ('80000788','Walters','Debbie');
INSERT INTO HR_PEOPLE_ROLES(id, role) VALUES ('80000788','student');
INSERT INTO HR_PEOPLE_ROLES(id, role) VALUES ('80000788','community');
INSERT INTO SIS_COURSES (termId, courseId, studentId) VALUES ('201810','ENGL201','80000788');
INSERT INTO SIS_COURSES (termId, courseId, studentId) VALUES ('201810','CS252','80000788');
INSERT INTO HR_PEOPLE(id, surname, givenName) VALUES ('80000789','White','Stephanie');
INSERT INTO HR_PEOPLE_ROLES(id, role) VALUES ('80000789','community');
INSERT INTO HR_PEOPLE_ROLES(id, role) VALUES ('80000789','faculty');
INSERT INTO SIS_COURSES (termId, courseId, studentId) VALUES ('201810','SCI123','80000789');
INSERT INTO SIS_COURSES (termId, courseId, studentId) VALUES ('201810','HIST101','80000789');
INSERT INTO HR_PEOPLE(id, surname, givenName) VALUES ('80000790','Smith','Debbie');
INSERT INTO HR_PEOPLE_ROLES(id, role) VALUES ('80000790','faculty');
INSERT INTO HR_PEOPLE_ROLES(id, role) VALUES ('80000790','student');
INSERT INTO SIS_COURSES (termId, courseId, studentId) VALUES ('201810','HIST101','80000790');
INSERT INTO SIS_COURSES (termId, courseId, studentId) VALUES ('201810','CS252','80000790');
INSERT INTO HR_PEOPLE(id, surname, givenName) VALUES ('80000791','Butler','Anna');
INSERT INTO HR_PEOPLE_ROLES(id, role) VALUES ('80000791','community');
INSERT INTO HR_PEOPLE_ROLES(id, role) VALUES ('80000791','student');
INSERT INTO SIS_COURSES (termId, courseId, studentId) VALUES ('201810','CS252','80000791');
INSERT INTO HR_PEOPLE(id, surname, givenName) VALUES ('80000792','Grady','Andrew');
INSERT INTO HR_PEOPLE_ROLES(id, role) VALUES ('80000792','staff');
INSERT INTO HR_PEOPLE(id, surname, givenName) VALUES ('80000793','Martinez','John');
INSERT INTO HR_PEOPLE_ROLES(id, role) VALUES ('80000793','staff');
INSERT INTO HR_PEOPLE(id, surname, givenName) VALUES ('80000794','Peterson','Bill');
INSERT INTO HR_PEOPLE(id, surname, givenName) VALUES ('80000795','Lewis','Karl');
INSERT INTO HR_PEOPLE_ROLES(id, role) VALUES ('80000795','faculty');
INSERT INTO SIS_COURSES (termId, courseId, studentId) VALUES ('201810','SCI123','80000795');
INSERT INTO HR_PEOPLE(id, surname, givenName) VALUES ('80000796','Martinez','Nancy');
INSERT INTO HR_PEOPLE_ROLES(id, role) VALUES ('80000796','student');
INSERT INTO SIS_COURSES (termId, courseId, studentId) VALUES ('201810','ENGL102','80000796');
INSERT INTO SIS_COURSES (termId, courseId, studentId) VALUES ('201810','ENGL201','80000796');
INSERT INTO SIS_COURSES (termId, courseId, studentId) VALUES ('201810','HIST102','80000796');
INSERT INTO HR_PEOPLE(id, surname, givenName) VALUES ('80000797','Henderson','Ann');
INSERT INTO HR_PEOPLE_ROLES(id, role) VALUES ('80000797','student');
INSERT INTO SIS_COURSES (termId, courseId, studentId) VALUES ('201810','HIST101','80000797');
INSERT INTO SIS_COURSES (termId, courseId, studentId) VALUES ('201810','CS252','80000797');
INSERT INTO SIS_COURSES (termId, courseId, studentId) VALUES ('201810','ACCT101','80000797');
INSERT INTO SIS_COURSES (termId, courseId, studentId) VALUES ('201810','CS251','80000797');
INSERT INTO HR_PEOPLE(id, surname, givenName) VALUES ('80000798','Smith','Perry');
INSERT INTO HR_PEOPLE_ROLES(id, role) VALUES ('80000798','student');
INSERT INTO SIS_COURSES (termId, courseId, studentId) VALUES ('201810','ENGL101','80000798');
INSERT INTO HR_PEOPLE(id, surname, givenName) VALUES ('80000799','Walters','Megan');
INSERT INTO HR_PEOPLE_ROLES(id, role) VALUES ('80000799','staff');
INSERT INTO HR_PEOPLE(id, surname, givenName) VALUES ('80000800','Lopez','James');
INSERT INTO HR_PEOPLE_ROLES(id, role) VALUES ('80000800','faculty');
INSERT INTO SIS_COURSES (termId, courseId, studentId) VALUES ('201810','ENGL101','80000800');
INSERT INTO HR_PEOPLE(id, surname, givenName) VALUES ('80000801','Davis','David');
INSERT INTO HR_PEOPLE_ROLES(id, role) VALUES ('80000801','staff');
INSERT INTO HR_PEOPLE_ROLES(id, role) VALUES ('80000801','student');
INSERT INTO SIS_COURSES (termId, courseId, studentId) VALUES ('201810','HIST101','80000801');
INSERT INTO SIS_COURSES (termId, courseId, studentId) VALUES ('201810','CS252','80000801');
INSERT INTO HR_PEOPLE(id, surname, givenName) VALUES ('80000802','Doe','Kim');
INSERT INTO HR_PEOPLE_ROLES(id, role) VALUES ('80000802','faculty');
INSERT INTO HR_PEOPLE_ROLES(id, role) VALUES ('80000802','student');
INSERT INTO SIS_COURSES (termId, courseId, studentId) VALUES ('201810','ACCT201','80000802');
INSERT INTO SIS_COURSES (termId, courseId, studentId) VALUES ('201810','ACCT101','80000802');
INSERT INTO SIS_COURSES (termId, courseId, studentId) VALUES ('201810','HIST102','80000802');
INSERT INTO HR_PEOPLE(id, surname, givenName) VALUES ('80000803','Lopez','Amber');
INSERT INTO HR_PEOPLE_ROLES(id, role) VALUES ('80000803','community');
INSERT INTO HR_PEOPLE(id, surname, givenName) VALUES ('80000804','Scott','Maddie');
INSERT INTO HR_PEOPLE_ROLES(id, role) VALUES ('80000804','staff');
INSERT INTO HR_PEOPLE(id, surname, givenName) VALUES ('80000805','Gonazles','Adian');
INSERT INTO HR_PEOPLE_ROLES(id, role) VALUES ('80000805','community');
INSERT INTO HR_PEOPLE(id, surname, givenName) VALUES ('80000806','Johnson','Karl');
INSERT INTO HR_PEOPLE(id, surname, givenName) VALUES ('80000807','Butler','Mary');
INSERT INTO HR_PEOPLE_ROLES(id, role) VALUES ('80000807','staff');
INSERT INTO HR_PEOPLE(id, surname, givenName) VALUES ('80000808','White','Jo');
INSERT INTO HR_PEOPLE_ROLES(id, role) VALUES ('80000808','student');
INSERT INTO HR_PEOPLE_ROLES(id, role) VALUES ('80000808','staff');
INSERT INTO SIS_COURSES (termId, courseId, studentId) VALUES ('201810','SCI123','80000808');
INSERT INTO SIS_COURSES (termId, courseId, studentId) VALUES ('201810','MATH101','80000808');
INSERT INTO SIS_COURSES (termId, courseId, studentId) VALUES ('201810','HIST102','80000808');
INSERT INTO HR_PEOPLE(id, surname, givenName) VALUES ('80000809','White','Mark');
INSERT INTO HR_PEOPLE_ROLES(id, role) VALUES ('80000809','community');
INSERT INTO HR_PEOPLE(id, surname, givenName) VALUES ('80000810','Gasper','Sophia');
INSERT INTO HR_PEOPLE(id, surname, givenName) VALUES ('80000811','Walters','Greg');
INSERT INTO HR_PEOPLE_ROLES(id, role) VALUES ('80000811','community');
INSERT INTO HR_PEOPLE(id, surname, givenName) VALUES ('80000812','Lopez','Steve');
INSERT INTO HR_PEOPLE_ROLES(id, role) VALUES ('80000812','community');
INSERT INTO HR_PEOPLE(id, surname, givenName) VALUES ('80000813','Thompson','Lisa');
INSERT INTO HR_PEOPLE_ROLES(id, role) VALUES ('80000813','staff');
INSERT INTO HR_PEOPLE(id, surname, givenName) VALUES ('80000814','Davis','Greg');
INSERT INTO HR_PEOPLE_ROLES(id, role) VALUES ('80000814','faculty');
INSERT INTO HR_PEOPLE_ROLES(id, role) VALUES ('80000814','student');
INSERT INTO SIS_COURSES (termId, courseId, studentId) VALUES ('201810','ACCT201','80000814');
INSERT INTO SIS_COURSES (termId, courseId, studentId) VALUES ('201810','MATH100','80000814');
INSERT INTO SIS_COURSES (termId, courseId, studentId) VALUES ('201810','CS251','80000814');
INSERT INTO SIS_COURSES (termId, courseId, studentId) VALUES ('201810','MATH101','80000814');
INSERT INTO HR_PEOPLE(id, surname, givenName) VALUES ('80000815','Smith','Erik');
INSERT INTO HR_PEOPLE_ROLES(id, role) VALUES ('80000815','student');
INSERT INTO HR_PEOPLE_ROLES(id, role) VALUES ('80000815','faculty');
INSERT INTO SIS_COURSES (termId, courseId, studentId) VALUES ('201810','MATH101','80000815');
INSERT INTO SIS_COURSES (termId, courseId, studentId) VALUES ('201810','CS252','80000815');
INSERT INTO SIS_COURSES (termId, courseId, studentId) VALUES ('201810','CS251','80000815');
INSERT INTO SIS_COURSES (termId, courseId, studentId) VALUES ('201810','SCI123','80000815');
INSERT INTO HR_PEOPLE(id, surname, givenName) VALUES ('80000816','Walters','Jo');
INSERT INTO HR_PEOPLE_ROLES(id, role) VALUES ('80000816','staff');
INSERT INTO HR_PEOPLE(id, surname, givenName) VALUES ('80000817','White','Jo');
INSERT INTO HR_PEOPLE_ROLES(id, role) VALUES ('80000817','community');
INSERT INTO HR_PEOPLE_ROLES(id, role) VALUES ('80000817','faculty');
INSERT INTO SIS_COURSES (termId, courseId, studentId) VALUES ('201810','ENGL201','80000817');
INSERT INTO HR_PEOPLE(id, surname, givenName) VALUES ('80000818','Davis','Donna');
INSERT INTO HR_PEOPLE_ROLES(id, role) VALUES ('80000818','staff');
INSERT INTO HR_PEOPLE_ROLES(id, role) VALUES ('80000818','student');
INSERT INTO SIS_COURSES (termId, courseId, studentId) VALUES ('201810','CS252','80000818');
INSERT INTO SIS_COURSES (termId, courseId, studentId) VALUES ('201810','ACCT201','80000818');
INSERT INTO SIS_COURSES (termId, courseId, studentId) VALUES ('201810','SCI404','80000818');
INSERT INTO HR_PEOPLE(id, surname, givenName) VALUES ('80000819','Langenberg','Lisa');
INSERT INTO HR_PEOPLE_ROLES(id, role) VALUES ('80000819','staff');
INSERT INTO HR_PEOPLE_ROLES(id, role) VALUES ('80000819','faculty');
INSERT INTO SIS_COURSES (termId, courseId, studentId) VALUES ('201810','HIST101','80000819');
INSERT INTO SIS_COURSES (termId, courseId, studentId) VALUES ('201810','SCI123','80000819');
INSERT INTO SIS_COURSES (termId, courseId, studentId) VALUES ('201810','HIST102','80000819');
INSERT INTO SIS_COURSES (termId, courseId, studentId) VALUES ('201810','ENGL101','80000819');
INSERT INTO HR_PEOPLE(id, surname, givenName) VALUES ('80000820','Walters','Stephanie');
INSERT INTO HR_PEOPLE_ROLES(id, role) VALUES ('80000820','community');
INSERT INTO HR_PEOPLE(id, surname, givenName) VALUES ('80000821','Gonazles','Olivia');
INSERT INTO HR_PEOPLE_ROLES(id, role) VALUES ('80000821','community');
INSERT INTO HR_PEOPLE(id, surname, givenName) VALUES ('80000822','Thompson','Andrew');
INSERT INTO HR_PEOPLE_ROLES(id, role) VALUES ('80000822','staff');
INSERT INTO HR_PEOPLE_ROLES(id, role) VALUES ('80000822','faculty');
INSERT INTO SIS_COURSES (termId, courseId, studentId) VALUES ('201810','MATH101','80000822');
INSERT INTO SIS_COURSES (termId, courseId, studentId) VALUES ('201810','ENGL102','80000822');
INSERT INTO HR_PEOPLE(id, surname, givenName) VALUES ('80000823','Doe','Debbie');
INSERT INTO HR_PEOPLE_ROLES(id, role) VALUES ('80000823','community');
INSERT INTO HR_PEOPLE(id, surname, givenName) VALUES ('80000824','Vales','Jennifer');
INSERT INTO HR_PEOPLE_ROLES(id, role) VALUES ('80000824','community');
INSERT INTO HR_PEOPLE_ROLES(id, role) VALUES ('80000824','student');
INSERT INTO SIS_COURSES (termId, courseId, studentId) VALUES ('201810','SCI404','80000824');
INSERT INTO HR_PEOPLE(id, surname, givenName) VALUES ('80000825','Davis','Isabella');
INSERT INTO HR_PEOPLE(id, surname, givenName) VALUES ('80000826','Henderson','Donna');
INSERT INTO HR_PEOPLE_ROLES(id, role) VALUES ('80000826','staff');
INSERT INTO HR_PEOPLE(id, surname, givenName) VALUES ('80000827','Lopez','Heather');
INSERT INTO HR_PEOPLE_ROLES(id, role) VALUES ('80000827','student');
INSERT INTO SIS_COURSES (termId, courseId, studentId) VALUES ('201810','ENGL101','80000827');
INSERT INTO HR_PEOPLE(id, surname, givenName) VALUES ('80000828','Williams','Claire');
INSERT INTO HR_PEOPLE_ROLES(id, role) VALUES ('80000828','student');
INSERT INTO SIS_COURSES (termId, courseId, studentId) VALUES ('201810','ENGL201','80000828');
INSERT INTO SIS_COURSES (termId, courseId, studentId) VALUES ('201810','ENGL101','80000828');
INSERT INTO HR_PEOPLE(id, surname, givenName) VALUES ('80000829','Anderson','Greg');
INSERT INTO HR_PEOPLE_ROLES(id, role) VALUES ('80000829','faculty');
INSERT INTO SIS_COURSES (termId, courseId, studentId) VALUES ('201810','ENGL102','80000829');
INSERT INTO HR_PEOPLE(id, surname, givenName) VALUES ('80000830','Williams','Mark');
INSERT INTO HR_PEOPLE(id, surname, givenName) VALUES ('80000831','Gonazles','William');
INSERT INTO HR_PEOPLE_ROLES(id, role) VALUES ('80000831','student');
INSERT INTO SIS_COURSES (termId, courseId, studentId) VALUES ('201810','CS251','80000831');
INSERT INTO SIS_COURSES (termId, courseId, studentId) VALUES ('201810','ENGL101','80000831');
INSERT INTO SIS_COURSES (termId, courseId, studentId) VALUES ('201810','MATH101','80000831');
INSERT INTO SIS_COURSES (termId, courseId, studentId) VALUES ('201810','HIST101','80000831');
INSERT INTO HR_PEOPLE(id, surname, givenName) VALUES ('80000832','Smith','Mary');
INSERT INTO HR_PEOPLE_ROLES(id, role) VALUES ('80000832','staff');
INSERT INTO HR_PEOPLE(id, surname, givenName) VALUES ('80000833','Lee','Jim');
INSERT INTO HR_PEOPLE_ROLES(id, role) VALUES ('80000833','student');
INSERT INTO SIS_COURSES (termId, courseId, studentId) VALUES ('201810','HIST102','80000833');
INSERT INTO SIS_COURSES (termId, courseId, studentId) VALUES ('201810','MATH101','80000833');
INSERT INTO HR_PEOPLE(id, surname, givenName) VALUES ('80000834','Morrison','Betty');
INSERT INTO HR_PEOPLE_ROLES(id, role) VALUES ('80000834','staff');
INSERT INTO HR_PEOPLE(id, surname, givenName) VALUES ('80000835','Doe','Claire');
INSERT INTO HR_PEOPLE_ROLES(id, role) VALUES ('80000835','faculty');
INSERT INTO HR_PEOPLE_ROLES(id, role) VALUES ('80000835','staff');
INSERT INTO SIS_COURSES (termId, courseId, studentId) VALUES ('201810','CS251','80000835');
INSERT INTO HR_PEOPLE(id, surname, givenName) VALUES ('80000836','Davis','Megan');
INSERT INTO HR_PEOPLE(id, surname, givenName) VALUES ('80000837','Vales','Andrew');
INSERT INTO HR_PEOPLE(id, surname, givenName) VALUES ('80000838','Johnson','Andrew');
INSERT INTO HR_PEOPLE(id, surname, givenName) VALUES ('80000839','Smith','John');
INSERT INTO HR_PEOPLE(id, surname, givenName) VALUES ('80000840','Butler','Karoline');
INSERT INTO HR_PEOPLE_ROLES(id, role) VALUES ('80000840','faculty');
INSERT INTO HR_PEOPLE_ROLES(id, role) VALUES ('80000840','community');
INSERT INTO SIS_COURSES (termId, courseId, studentId) VALUES ('201810','ENGL101','80000840');
INSERT INTO HR_PEOPLE(id, surname, givenName) VALUES ('80000841','White','Marie');
INSERT INTO HR_PEOPLE_ROLES(id, role) VALUES ('80000841','faculty');
INSERT INTO HR_PEOPLE_ROLES(id, role) VALUES ('80000841','student');
INSERT INTO SIS_COURSES (termId, courseId, studentId) VALUES ('201810','ACCT201','80000841');
INSERT INTO HR_PEOPLE(id, surname, givenName) VALUES ('80000842','Williams','Amber');
INSERT INTO HR_PEOPLE_ROLES(id, role) VALUES ('80000842','staff');
INSERT INTO HR_PEOPLE_ROLES(id, role) VALUES ('80000842','community');
INSERT INTO HR_PEOPLE(id, surname, givenName) VALUES ('80000843','Martinez','Robert');
INSERT INTO HR_PEOPLE_ROLES(id, role) VALUES ('80000843','staff');
INSERT INTO HR_PEOPLE(id, surname, givenName) VALUES ('80000844','Butler','Karl');
INSERT INTO HR_PEOPLE(id, surname, givenName) VALUES ('80000845','Nielson','Sophia');
INSERT INTO HR_PEOPLE_ROLES(id, role) VALUES ('80000845','community');
INSERT INTO HR_PEOPLE(id, surname, givenName) VALUES ('80000846','Langenberg','Amber');
INSERT INTO HR_PEOPLE_ROLES(id, role) VALUES ('80000846','community');
INSERT INTO HR_PEOPLE(id, surname, givenName) VALUES ('80000847','Grady','Sarah');
INSERT INTO HR_PEOPLE_ROLES(id, role) VALUES ('80000847','community');
INSERT INTO HR_PEOPLE(id, surname, givenName) VALUES ('80000848','Gonazles','William');
INSERT INTO HR_PEOPLE_ROLES(id, role) VALUES ('80000848','student');
INSERT INTO SIS_COURSES (termId, courseId, studentId) VALUES ('201810','CS251','80000848');
INSERT INTO SIS_COURSES (termId, courseId, studentId) VALUES ('201810','SCI404','80000848');
INSERT INTO SIS_COURSES (termId, courseId, studentId) VALUES ('201810','HIST101','80000848');
INSERT INTO HR_PEOPLE(id, surname, givenName) VALUES ('80000849','Johnson','Ava');
INSERT INTO HR_PEOPLE_ROLES(id, role) VALUES ('80000849','community');
INSERT INTO HR_PEOPLE_ROLES(id, role) VALUES ('80000849','student');
INSERT INTO SIS_COURSES (termId, courseId, studentId) VALUES ('201810','CS252','80000849');
INSERT INTO SIS_COURSES (termId, courseId, studentId) VALUES ('201810','MATH101','80000849');
INSERT INTO SIS_COURSES (termId, courseId, studentId) VALUES ('201810','CS251','80000849');
INSERT INTO HR_PEOPLE(id, surname, givenName) VALUES ('80000850','Lee','Andrew');
INSERT INTO HR_PEOPLE_ROLES(id, role) VALUES ('80000850','student');
INSERT INTO SIS_COURSES (termId, courseId, studentId) VALUES ('201810','HIST101','80000850');
INSERT INTO SIS_COURSES (termId, courseId, studentId) VALUES ('201810','MATH101','80000850');
INSERT INTO HR_PEOPLE(id, surname, givenName) VALUES ('80000851','Lewis','Marie');
INSERT INTO HR_PEOPLE(id, surname, givenName) VALUES ('80000852','Roberts','Debbie');
INSERT INTO HR_PEOPLE_ROLES(id, role) VALUES ('80000852','faculty');
INSERT INTO HR_PEOPLE_ROLES(id, role) VALUES ('80000852','staff');
INSERT INTO SIS_COURSES (termId, courseId, studentId) VALUES ('201810','MATH101','80000852');
INSERT INTO HR_PEOPLE(id, surname, givenName) VALUES ('80000853','Doe','Ava');
INSERT INTO HR_PEOPLE_ROLES(id, role) VALUES ('80000853','community');
INSERT INTO HR_PEOPLE(id, surname, givenName) VALUES ('80000854','Thompson','Lexi');
INSERT INTO HR_PEOPLE_ROLES(id, role) VALUES ('80000854','community');
INSERT INTO HR_PEOPLE(id, surname, givenName) VALUES ('80000855','Roberts','Mia');
INSERT INTO HR_PEOPLE_ROLES(id, role) VALUES ('80000855','faculty');
INSERT INTO SIS_COURSES (termId, courseId, studentId) VALUES ('201810','SCI123','80000855');
INSERT INTO HR_PEOPLE(id, surname, givenName) VALUES ('80000856','Nielson','Michael');
INSERT INTO HR_PEOPLE_ROLES(id, role) VALUES ('80000856','community');
INSERT INTO HR_PEOPLE(id, surname, givenName) VALUES ('80000857','Brown','Olivia');
INSERT INTO HR_PEOPLE_ROLES(id, role) VALUES ('80000857','faculty');
INSERT INTO HR_PEOPLE_ROLES(id, role) VALUES ('80000857','community');
INSERT INTO SIS_COURSES (termId, courseId, studentId) VALUES ('201810','ACCT101','80000857');
INSERT INTO SIS_COURSES (termId, courseId, studentId) VALUES ('201810','CS252','80000857');
INSERT INTO SIS_COURSES (termId, courseId, studentId) VALUES ('201810','ENGL102','80000857');
INSERT INTO HR_PEOPLE(id, surname, givenName) VALUES ('80000858','Peterson','Kiersten');
INSERT INTO HR_PEOPLE_ROLES(id, role) VALUES ('80000858','student');
INSERT INTO SIS_COURSES (termId, courseId, studentId) VALUES ('201810','SCI123','80000858');
INSERT INTO SIS_COURSES (termId, courseId, studentId) VALUES ('201810','HIST101','80000858');
INSERT INTO HR_PEOPLE(id, surname, givenName) VALUES ('80000859','Grady','Jeremy');
INSERT INTO HR_PEOPLE_ROLES(id, role) VALUES ('80000859','staff');
INSERT INTO HR_PEOPLE(id, surname, givenName) VALUES ('80000860','Roberts','Ann');
INSERT INTO HR_PEOPLE_ROLES(id, role) VALUES ('80000860','student');
INSERT INTO SIS_COURSES (termId, courseId, studentId) VALUES ('201810','ENGL102','80000860');
INSERT INTO SIS_COURSES (termId, courseId, studentId) VALUES ('201810','ENGL201','80000860');
INSERT INTO HR_PEOPLE(id, surname, givenName) VALUES ('80000861','Anderson','Megan');
INSERT INTO HR_PEOPLE_ROLES(id, role) VALUES ('80000861','faculty');
INSERT INTO SIS_COURSES (termId, courseId, studentId) VALUES ('201810','MATH100','80000861');
INSERT INTO SIS_COURSES (termId, courseId, studentId) VALUES ('201810','MATH101','80000861');
INSERT INTO HR_PEOPLE(id, surname, givenName) VALUES ('80000862','Morrison','Jeremy');
INSERT INTO HR_PEOPLE_ROLES(id, role) VALUES ('80000862','faculty');
INSERT INTO HR_PEOPLE_ROLES(id, role) VALUES ('80000862','community');
INSERT INTO SIS_COURSES (termId, courseId, studentId) VALUES ('201810','MATH101','80000862');
INSERT INTO SIS_COURSES (termId, courseId, studentId) VALUES ('201810','ENGL201','80000862');
INSERT INTO HR_PEOPLE(id, surname, givenName) VALUES ('80000863','Henderson','Emma');
INSERT INTO HR_PEOPLE_ROLES(id, role) VALUES ('80000863','staff');
INSERT INTO HR_PEOPLE(id, surname, givenName) VALUES ('80000864','Lee','Michael');
INSERT INTO HR_PEOPLE_ROLES(id, role) VALUES ('80000864','community');
INSERT INTO HR_PEOPLE_ROLES(id, role) VALUES ('80000864','staff');
INSERT INTO HR_PEOPLE(id, surname, givenName) VALUES ('80000865','Gasper','Colin');
INSERT INTO HR_PEOPLE_ROLES(id, role) VALUES ('80000865','community');
INSERT INTO HR_PEOPLE(id, surname, givenName) VALUES ('80000866','Peterson','Karoline');
INSERT INTO HR_PEOPLE_ROLES(id, role) VALUES ('80000866','staff');
INSERT INTO HR_PEOPLE(id, surname, givenName) VALUES ('80000867','Thompson','Andrew');
INSERT INTO HR_PEOPLE_ROLES(id, role) VALUES ('80000867','community');
INSERT INTO HR_PEOPLE(id, surname, givenName) VALUES ('80000868','Lewis','Karl');
INSERT INTO HR_PEOPLE(id, surname, givenName) VALUES ('80000869','Henderson','Andrew');
INSERT INTO HR_PEOPLE_ROLES(id, role) VALUES ('80000869','student');
INSERT INTO HR_PEOPLE_ROLES(id, role) VALUES ('80000869','faculty');
INSERT INTO SIS_COURSES (termId, courseId, studentId) VALUES ('201810','MATH101','80000869');
INSERT INTO HR_PEOPLE(id, surname, givenName) VALUES ('80000870','Peterson','Thomas');
INSERT INTO HR_PEOPLE(id, surname, givenName) VALUES ('80000871','Peterson','Ann');
INSERT INTO HR_PEOPLE_ROLES(id, role) VALUES ('80000871','faculty');
INSERT INTO SIS_COURSES (termId, courseId, studentId) VALUES ('201810','SCI123','80000871');
INSERT INTO SIS_COURSES (termId, courseId, studentId) VALUES ('201810','ACCT201','80000871');
INSERT INTO SIS_COURSES (termId, courseId, studentId) VALUES ('201810','CS251','80000871');
INSERT INTO HR_PEOPLE(id, surname, givenName) VALUES ('80000872','Morrison','Mark');
INSERT INTO HR_PEOPLE_ROLES(id, role) VALUES ('80000872','staff');
INSERT INTO HR_PEOPLE_ROLES(id, role) VALUES ('80000872','faculty');
INSERT INTO SIS_COURSES (termId, courseId, studentId) VALUES ('201810','ENGL102','80000872');
INSERT INTO SIS_COURSES (termId, courseId, studentId) VALUES ('201810','SCI404','80000872');
INSERT INTO SIS_COURSES (termId, courseId, studentId) VALUES ('201810','SCI123','80000872');
INSERT INTO SIS_COURSES (termId, courseId, studentId) VALUES ('201810','HIST102','80000872');
INSERT INTO HR_PEOPLE(id, surname, givenName) VALUES ('80000873','Johnson','Karl');
INSERT INTO HR_PEOPLE_ROLES(id, role) VALUES ('80000873','community');
INSERT INTO HR_PEOPLE(id, surname, givenName) VALUES ('80000874','Smith','Steve');
INSERT INTO HR_PEOPLE_ROLES(id, role) VALUES ('80000874','staff');
INSERT INTO HR_PEOPLE(id, surname, givenName) VALUES ('80000875','White','Karl');
INSERT INTO HR_PEOPLE_ROLES(id, role) VALUES ('80000875','student');
INSERT INTO HR_PEOPLE_ROLES(id, role) VALUES ('80000875','community');
INSERT INTO SIS_COURSES (termId, courseId, studentId) VALUES ('201810','MATH101','80000875');
INSERT INTO HR_PEOPLE(id, surname, givenName) VALUES ('80000876','Gonazles','Greg');
INSERT INTO HR_PEOPLE_ROLES(id, role) VALUES ('80000876','staff');
INSERT INTO HR_PEOPLE_ROLES(id, role) VALUES ('80000876','community');
INSERT INTO HR_PEOPLE(id, surname, givenName) VALUES ('80000877','Langenberg','Karl');
INSERT INTO HR_PEOPLE_ROLES(id, role) VALUES ('80000877','community');
INSERT INTO HR_PEOPLE_ROLES(id, role) VALUES ('80000877','staff');
INSERT INTO HR_PEOPLE(id, surname, givenName) VALUES ('80000878','Walters','Madison');
INSERT INTO HR_PEOPLE_ROLES(id, role) VALUES ('80000878','staff');
INSERT INTO HR_PEOPLE(id, surname, givenName) VALUES ('80000879','Gasper','Sophia');
INSERT INTO HR_PEOPLE_ROLES(id, role) VALUES ('80000879','community');
INSERT INTO HR_PEOPLE_ROLES(id, role) VALUES ('80000879','student');
INSERT INTO SIS_COURSES (termId, courseId, studentId) VALUES ('201810','ACCT101','80000879');
INSERT INTO SIS_COURSES (termId, courseId, studentId) VALUES ('201810','SCI404','80000879');
INSERT INTO SIS_COURSES (termId, courseId, studentId) VALUES ('201810','CS252','80000879');
INSERT INTO SIS_COURSES (termId, courseId, studentId) VALUES ('201810','ENGL101','80000879');
INSERT INTO HR_PEOPLE(id, surname, givenName) VALUES ('80000880','Anderson','James');
INSERT INTO HR_PEOPLE_ROLES(id, role) VALUES ('80000880','staff');
INSERT INTO HR_PEOPLE(id, surname, givenName) VALUES ('80000881','Price','Donna');
INSERT INTO HR_PEOPLE_ROLES(id, role) VALUES ('80000881','community');
INSERT INTO HR_PEOPLE_ROLES(id, role) VALUES ('80000881','faculty');
INSERT INTO SIS_COURSES (termId, courseId, studentId) VALUES ('201810','ACCT201','80000881');
INSERT INTO SIS_COURSES (termId, courseId, studentId) VALUES ('201810','SCI404','80000881');
INSERT INTO SIS_COURSES (termId, courseId, studentId) VALUES ('201810','SCI123','80000881');
INSERT INTO SIS_COURSES (termId, courseId, studentId) VALUES ('201810','ENGL102','80000881');
INSERT INTO HR_PEOPLE(id, surname, givenName) VALUES ('80000882','Gonazles','David');
INSERT INTO HR_PEOPLE_ROLES(id, role) VALUES ('80000882','student');
INSERT INTO SIS_COURSES (termId, courseId, studentId) VALUES ('201810','SCI123','80000882');
INSERT INTO SIS_COURSES (termId, courseId, studentId) VALUES ('201810','HIST102','80000882');
INSERT INTO SIS_COURSES (termId, courseId, studentId) VALUES ('201810','ACCT101','80000882');
INSERT INTO SIS_COURSES (termId, courseId, studentId) VALUES ('201810','CS252','80000882');
INSERT INTO HR_PEOPLE(id, surname, givenName) VALUES ('80000883','Thompson','Anna');
INSERT INTO HR_PEOPLE_ROLES(id, role) VALUES ('80000883','community');
INSERT INTO HR_PEOPLE(id, surname, givenName) VALUES ('80000884','Price','Lori');
INSERT INTO HR_PEOPLE_ROLES(id, role) VALUES ('80000884','student');
INSERT INTO SIS_COURSES (termId, courseId, studentId) VALUES ('201810','MATH100','80000884');
INSERT INTO HR_PEOPLE(id, surname, givenName) VALUES ('80000885','Henderson','Ann');
INSERT INTO HR_PEOPLE_ROLES(id, role) VALUES ('80000885','staff');
INSERT INTO HR_PEOPLE(id, surname, givenName) VALUES ('80000886','Gasper','Adian');
INSERT INTO HR_PEOPLE_ROLES(id, role) VALUES ('80000886','student');
INSERT INTO SIS_COURSES (termId, courseId, studentId) VALUES ('201810','ACCT201','80000886');
INSERT INTO SIS_COURSES (termId, courseId, studentId) VALUES ('201810','MATH100','80000886');
INSERT INTO SIS_COURSES (termId, courseId, studentId) VALUES ('201810','HIST102','80000886');
INSERT INTO HR_PEOPLE(id, surname, givenName) VALUES ('80000887','Williams','Jeremy');
INSERT INTO HR_PEOPLE_ROLES(id, role) VALUES ('80000887','staff');
INSERT INTO HR_PEOPLE(id, surname, givenName) VALUES ('80000888','Henderson','Erik');
INSERT INTO HR_PEOPLE_ROLES(id, role) VALUES ('80000888','student');
INSERT INTO HR_PEOPLE_ROLES(id, role) VALUES ('80000888','staff');
INSERT INTO SIS_COURSES (termId, courseId, studentId) VALUES ('201810','SCI404','80000888');
INSERT INTO SIS_COURSES (termId, courseId, studentId) VALUES ('201810','ENGL101','80000888');
INSERT INTO SIS_COURSES (termId, courseId, studentId) VALUES ('201810','MATH100','80000888');
INSERT INTO HR_PEOPLE(id, surname, givenName) VALUES ('80000889','Smith','Olivia');
INSERT INTO HR_PEOPLE_ROLES(id, role) VALUES ('80000889','staff');
INSERT INTO HR_PEOPLE(id, surname, givenName) VALUES ('80000890','Butler','Olivia');
INSERT INTO HR_PEOPLE_ROLES(id, role) VALUES ('80000890','student');
INSERT INTO SIS_COURSES (termId, courseId, studentId) VALUES ('201810','CS252','80000890');
INSERT INTO SIS_COURSES (termId, courseId, studentId) VALUES ('201810','SCI123','80000890');
INSERT INTO HR_PEOPLE(id, surname, givenName) VALUES ('80000891','Williams','Sarah');
INSERT INTO HR_PEOPLE_ROLES(id, role) VALUES ('80000891','faculty');
INSERT INTO HR_PEOPLE_ROLES(id, role) VALUES ('80000891','community');
INSERT INTO SIS_COURSES (termId, courseId, studentId) VALUES ('201810','CS252','80000891');
INSERT INTO HR_PEOPLE(id, surname, givenName) VALUES ('80000892','Price','Anna');
INSERT INTO HR_PEOPLE_ROLES(id, role) VALUES ('80000892','faculty');
INSERT INTO SIS_COURSES (termId, courseId, studentId) VALUES ('201810','SCI123','80000892');
INSERT INTO SIS_COURSES (termId, courseId, studentId) VALUES ('201810','HIST101','80000892');
INSERT INTO HR_PEOPLE(id, surname, givenName) VALUES ('80000893','Grady','Maddie');
INSERT INTO HR_PEOPLE_ROLES(id, role) VALUES ('80000893','faculty');
INSERT INTO SIS_COURSES (termId, courseId, studentId) VALUES ('201810','HIST102','80000893');
INSERT INTO SIS_COURSES (termId, courseId, studentId) VALUES ('201810','ENGL101','80000893');
INSERT INTO SIS_COURSES (termId, courseId, studentId) VALUES ('201810','ACCT101','80000893');
INSERT INTO SIS_COURSES (termId, courseId, studentId) VALUES ('201810','CS252','80000893');
INSERT INTO HR_PEOPLE(id, surname, givenName) VALUES ('80000894','Gonazles','Andrew');
INSERT INTO HR_PEOPLE_ROLES(id, role) VALUES ('80000894','faculty');
INSERT INTO HR_PEOPLE_ROLES(id, role) VALUES ('80000894','student');
INSERT INTO SIS_COURSES (termId, courseId, studentId) VALUES ('201810','SCI404','80000894');
INSERT INTO SIS_COURSES (termId, courseId, studentId) VALUES ('201810','ENGL102','80000894');
INSERT INTO SIS_COURSES (termId, courseId, studentId) VALUES ('201810','ACCT201','80000894');
INSERT INTO SIS_COURSES (termId, courseId, studentId) VALUES ('201810','HIST101','80000894');
INSERT INTO HR_PEOPLE(id, surname, givenName) VALUES ('80000895','Butler','Emma');
INSERT INTO HR_PEOPLE_ROLES(id, role) VALUES ('80000895','staff');
INSERT INTO HR_PEOPLE(id, surname, givenName) VALUES ('80000896','Lee','Lexi');
INSERT INTO HR_PEOPLE_ROLES(id, role) VALUES ('80000896','community');
INSERT INTO HR_PEOPLE(id, surname, givenName) VALUES ('80000897','Clark','Anna');
INSERT INTO HR_PEOPLE_ROLES(id, role) VALUES ('80000897','faculty');
INSERT INTO HR_PEOPLE_ROLES(id, role) VALUES ('80000897','staff');
INSERT INTO SIS_COURSES (termId, courseId, studentId) VALUES ('201810','SCI404','80000897');
INSERT INTO HR_PEOPLE(id, surname, givenName) VALUES ('80000898','Price','Mia');
INSERT INTO HR_PEOPLE_ROLES(id, role) VALUES ('80000898','student');
INSERT INTO SIS_COURSES (termId, courseId, studentId) VALUES ('201810','HIST102','80000898');
INSERT INTO SIS_COURSES (termId, courseId, studentId) VALUES ('201810','CS252','80000898');
INSERT INTO SIS_COURSES (termId, courseId, studentId) VALUES ('201810','ACCT201','80000898');
INSERT INTO HR_PEOPLE(id, surname, givenName) VALUES ('80000899','Martinez','John');
INSERT INTO HR_PEOPLE(id, surname, givenName) VALUES ('80000900','Lopez','Amber');
INSERT INTO HR_PEOPLE_ROLES(id, role) VALUES ('80000900','staff');
INSERT INTO HR_PEOPLE(id, surname, givenName) VALUES ('80000901','Lopez','Claire');
INSERT INTO HR_PEOPLE_ROLES(id, role) VALUES ('80000901','student');
INSERT INTO HR_PEOPLE_ROLES(id, role) VALUES ('80000901','community');
INSERT INTO SIS_COURSES (termId, courseId, studentId) VALUES ('201810','ENGL102','80000901');
INSERT INTO SIS_COURSES (termId, courseId, studentId) VALUES ('201810','SCI123','80000901');
INSERT INTO SIS_COURSES (termId, courseId, studentId) VALUES ('201810','ACCT201','80000901');
INSERT INTO SIS_COURSES (termId, courseId, studentId) VALUES ('201810','ENGL201','80000901');
INSERT INTO HR_PEOPLE(id, surname, givenName) VALUES ('80000902','Grady','Ann');
INSERT INTO HR_PEOPLE_ROLES(id, role) VALUES ('80000902','student');
INSERT INTO SIS_COURSES (termId, courseId, studentId) VALUES ('201810','ACCT101','80000902');
INSERT INTO SIS_COURSES (termId, courseId, studentId) VALUES ('201810','ENGL101','80000902');
INSERT INTO SIS_COURSES (termId, courseId, studentId) VALUES ('201810','MATH100','80000902');
INSERT INTO SIS_COURSES (termId, courseId, studentId) VALUES ('201810','HIST101','80000902');
INSERT INTO HR_PEOPLE(id, surname, givenName) VALUES ('80000903','Gasper','Mark');
INSERT INTO HR_PEOPLE_ROLES(id, role) VALUES ('80000903','staff');
INSERT INTO HR_PEOPLE(id, surname, givenName) VALUES ('80000904','Grady','Heather');
INSERT INTO HR_PEOPLE_ROLES(id, role) VALUES ('80000904','community');
INSERT INTO HR_PEOPLE(id, surname, givenName) VALUES ('80000905','Doe','Robert');
INSERT INTO HR_PEOPLE_ROLES(id, role) VALUES ('80000905','community');
INSERT INTO HR_PEOPLE(id, surname, givenName) VALUES ('80000906','Nielson','Robert');
INSERT INTO HR_PEOPLE_ROLES(id, role) VALUES ('80000906','staff');
INSERT INTO HR_PEOPLE(id, surname, givenName) VALUES ('80000907','Lopez','David');
INSERT INTO HR_PEOPLE_ROLES(id, role) VALUES ('80000907','staff');
INSERT INTO HR_PEOPLE_ROLES(id, role) VALUES ('80000907','community');
INSERT INTO HR_PEOPLE(id, surname, givenName) VALUES ('80000908','Walters','James');
INSERT INTO HR_PEOPLE_ROLES(id, role) VALUES ('80000908','student');
INSERT INTO HR_PEOPLE_ROLES(id, role) VALUES ('80000908','community');
INSERT INTO SIS_COURSES (termId, courseId, studentId) VALUES ('201810','ENGL101','80000908');
INSERT INTO SIS_COURSES (termId, courseId, studentId) VALUES ('201810','HIST101','80000908');
INSERT INTO SIS_COURSES (termId, courseId, studentId) VALUES ('201810','ACCT101','80000908');
INSERT INTO HR_PEOPLE(id, surname, givenName) VALUES ('80000909','Vales','Kim');
INSERT INTO HR_PEOPLE_ROLES(id, role) VALUES ('80000909','student');
INSERT INTO HR_PEOPLE_ROLES(id, role) VALUES ('80000909','faculty');
INSERT INTO SIS_COURSES (termId, courseId, studentId) VALUES ('201810','ACCT201','80000909');
INSERT INTO SIS_COURSES (termId, courseId, studentId) VALUES ('201810','ENGL102','80000909');
INSERT INTO SIS_COURSES (termId, courseId, studentId) VALUES ('201810','MATH101','80000909');
INSERT INTO SIS_COURSES (termId, courseId, studentId) VALUES ('201810','MATH100','80000909');
INSERT INTO HR_PEOPLE(id, surname, givenName) VALUES ('80000910','Scott','Megan');
INSERT INTO HR_PEOPLE_ROLES(id, role) VALUES ('80000910','faculty');
INSERT INTO HR_PEOPLE_ROLES(id, role) VALUES ('80000910','community');
INSERT INTO SIS_COURSES (termId, courseId, studentId) VALUES ('201810','SCI123','80000910');
INSERT INTO SIS_COURSES (termId, courseId, studentId) VALUES ('201810','CS252','80000910');
INSERT INTO SIS_COURSES (termId, courseId, studentId) VALUES ('201810','ENGL101','80000910');
INSERT INTO SIS_COURSES (termId, courseId, studentId) VALUES ('201810','CS251','80000910');
INSERT INTO HR_PEOPLE(id, surname, givenName) VALUES ('80000911','Brown','Olivia');
INSERT INTO HR_PEOPLE_ROLES(id, role) VALUES ('80000911','faculty');
INSERT INTO SIS_COURSES (termId, courseId, studentId) VALUES ('201810','SCI404','80000911');
INSERT INTO SIS_COURSES (termId, courseId, studentId) VALUES ('201810','ENGL102','80000911');
INSERT INTO SIS_COURSES (termId, courseId, studentId) VALUES ('201810','CS252','80000911');
INSERT INTO SIS_COURSES (termId, courseId, studentId) VALUES ('201810','MATH100','80000911');
INSERT INTO HR_PEOPLE(id, surname, givenName) VALUES ('80000912','Lopez','Heather');
INSERT INTO HR_PEOPLE_ROLES(id, role) VALUES ('80000912','faculty');
INSERT INTO HR_PEOPLE_ROLES(id, role) VALUES ('80000912','community');
INSERT INTO SIS_COURSES (termId, courseId, studentId) VALUES ('201810','ENGL102','80000912');
INSERT INTO HR_PEOPLE(id, surname, givenName) VALUES ('80000913','Morrison','Karl');
INSERT INTO HR_PEOPLE_ROLES(id, role) VALUES ('80000913','student');
INSERT INTO SIS_COURSES (termId, courseId, studentId) VALUES ('201810','ACCT201','80000913');
INSERT INTO SIS_COURSES (termId, courseId, studentId) VALUES ('201810','HIST102','80000913');
INSERT INTO SIS_COURSES (termId, courseId, studentId) VALUES ('201810','HIST101','80000913');
INSERT INTO SIS_COURSES (termId, courseId, studentId) VALUES ('201810','ACCT101','80000913');
INSERT INTO HR_PEOPLE(id, surname, givenName) VALUES ('80000914','Doe','Lexi');
INSERT INTO HR_PEOPLE_ROLES(id, role) VALUES ('80000914','community');
INSERT INTO HR_PEOPLE(id, surname, givenName) VALUES ('80000915','Henderson','Thomas');
INSERT INTO HR_PEOPLE_ROLES(id, role) VALUES ('80000915','faculty');
INSERT INTO HR_PEOPLE_ROLES(id, role) VALUES ('80000915','student');
INSERT INTO SIS_COURSES (termId, courseId, studentId) VALUES ('201810','CS251','80000915');
INSERT INTO SIS_COURSES (termId, courseId, studentId) VALUES ('201810','ACCT101','80000915');
INSERT INTO HR_PEOPLE(id, surname, givenName) VALUES ('80000916','Lewis','Kiersten');
INSERT INTO HR_PEOPLE_ROLES(id, role) VALUES ('80000916','student');
INSERT INTO HR_PEOPLE_ROLES(id, role) VALUES ('80000916','community');
INSERT INTO SIS_COURSES (termId, courseId, studentId) VALUES ('201810','ACCT101','80000916');
INSERT INTO SIS_COURSES (termId, courseId, studentId) VALUES ('201810','CS252','80000916');
INSERT INTO HR_PEOPLE(id, surname, givenName) VALUES ('80000917','Doe','Erik');
INSERT INTO HR_PEOPLE_ROLES(id, role) VALUES ('80000917','community');
INSERT INTO HR_PEOPLE_ROLES(id, role) VALUES ('80000917','student');
INSERT INTO SIS_COURSES (termId, courseId, studentId) VALUES ('201810','HIST102','80000917');
INSERT INTO SIS_COURSES (termId, courseId, studentId) VALUES ('201810','ENGL102','80000917');
INSERT INTO SIS_COURSES (termId, courseId, studentId) VALUES ('201810','MATH100','80000917');
INSERT INTO HR_PEOPLE(id, surname, givenName) VALUES ('80000918','Butler','David');
INSERT INTO HR_PEOPLE_ROLES(id, role) VALUES ('80000918','student');
INSERT INTO HR_PEOPLE_ROLES(id, role) VALUES ('80000918','faculty');
INSERT INTO SIS_COURSES (termId, courseId, studentId) VALUES ('201810','ENGL102','80000918');
INSERT INTO SIS_COURSES (termId, courseId, studentId) VALUES ('201810','MATH101','80000918');
INSERT INTO SIS_COURSES (termId, courseId, studentId) VALUES ('201810','SCI123','80000918');
INSERT INTO SIS_COURSES (termId, courseId, studentId) VALUES ('201810','ACCT201','80000918');
INSERT INTO HR_PEOPLE(id, surname, givenName) VALUES ('80000919','Martinez','Karl');
INSERT INTO HR_PEOPLE_ROLES(id, role) VALUES ('80000919','faculty');
INSERT INTO SIS_COURSES (termId, courseId, studentId) VALUES ('201810','ACCT101','80000919');
INSERT INTO SIS_COURSES (termId, courseId, studentId) VALUES ('201810','SCI123','80000919');
INSERT INTO SIS_COURSES (termId, courseId, studentId) VALUES ('201810','ENGL102','80000919');
INSERT INTO SIS_COURSES (termId, courseId, studentId) VALUES ('201810','CS252','80000919');
INSERT INTO HR_PEOPLE(id, surname, givenName) VALUES ('80000920','Anderson','Eric');
INSERT INTO HR_PEOPLE_ROLES(id, role) VALUES ('80000920','community');
INSERT INTO HR_PEOPLE(id, surname, givenName) VALUES ('80000921','Lee','Madison');
INSERT INTO HR_PEOPLE_ROLES(id, role) VALUES ('80000921','staff');
INSERT INTO HR_PEOPLE_ROLES(id, role) VALUES ('80000921','community');
INSERT INTO HR_PEOPLE(id, surname, givenName) VALUES ('80000922','Martinez','Paul');
INSERT INTO HR_PEOPLE_ROLES(id, role) VALUES ('80000922','community');
INSERT INTO HR_PEOPLE(id, surname, givenName) VALUES ('80000923','Thompson','Debbie');
INSERT INTO HR_PEOPLE_ROLES(id, role) VALUES ('80000923','staff');
INSERT INTO HR_PEOPLE(id, surname, givenName) VALUES ('80000924','Langenberg','Colin');
INSERT INTO HR_PEOPLE_ROLES(id, role) VALUES ('80000924','community');
INSERT INTO HR_PEOPLE(id, surname, givenName) VALUES ('80000925','Lewis','Heather');
INSERT INTO HR_PEOPLE(id, surname, givenName) VALUES ('80000926','Scott','Lexi');
INSERT INTO HR_PEOPLE_ROLES(id, role) VALUES ('80000926','faculty');
INSERT INTO SIS_COURSES (termId, courseId, studentId) VALUES ('201810','HIST101','80000926');
INSERT INTO SIS_COURSES (termId, courseId, studentId) VALUES ('201810','ACCT101','80000926');
INSERT INTO HR_PEOPLE(id, surname, givenName) VALUES ('80000927','Morrison','Adian');
INSERT INTO HR_PEOPLE_ROLES(id, role) VALUES ('80000927','staff');
INSERT INTO HR_PEOPLE(id, surname, givenName) VALUES ('80000928','Grady','Jo');
INSERT INTO HR_PEOPLE_ROLES(id, role) VALUES ('80000928','staff');
INSERT INTO HR_PEOPLE(id, surname, givenName) VALUES ('80000929','Williams','Olivia');
INSERT INTO HR_PEOPLE_ROLES(id, role) VALUES ('80000929','community');
INSERT INTO HR_PEOPLE_ROLES(id, role) VALUES ('80000929','student');
INSERT INTO SIS_COURSES (termId, courseId, studentId) VALUES ('201810','SCI123','80000929');
INSERT INTO SIS_COURSES (termId, courseId, studentId) VALUES ('201810','CS252','80000929');
INSERT INTO SIS_COURSES (termId, courseId, studentId) VALUES ('201810','ENGL101','80000929');
INSERT INTO SIS_COURSES (termId, courseId, studentId) VALUES ('201810','ACCT101','80000929');
INSERT INTO HR_PEOPLE(id, surname, givenName) VALUES ('80000930','Davis','Thomas');
INSERT INTO HR_PEOPLE_ROLES(id, role) VALUES ('80000930','faculty');
INSERT INTO HR_PEOPLE_ROLES(id, role) VALUES ('80000930','staff');
INSERT INTO SIS_COURSES (termId, courseId, studentId) VALUES ('201810','SCI123','80000930');
INSERT INTO SIS_COURSES (termId, courseId, studentId) VALUES ('201810','HIST102','80000930');
INSERT INTO SIS_COURSES (termId, courseId, studentId) VALUES ('201810','CS251','80000930');
INSERT INTO SIS_COURSES (termId, courseId, studentId) VALUES ('201810','ENGL101','80000930');
INSERT INTO HR_PEOPLE(id, surname, givenName) VALUES ('80000931','Butler','Sophia');
INSERT INTO HR_PEOPLE_ROLES(id, role) VALUES ('80000931','faculty');
INSERT INTO SIS_COURSES (termId, courseId, studentId) VALUES ('201810','HIST101','80000931');
INSERT INTO SIS_COURSES (termId, courseId, studentId) VALUES ('201810','ACCT101','80000931');
INSERT INTO SIS_COURSES (termId, courseId, studentId) VALUES ('201810','SCI123','80000931');
INSERT INTO HR_PEOPLE(id, surname, givenName) VALUES ('80000932','Smith','Sarah');
INSERT INTO HR_PEOPLE(id, surname, givenName) VALUES ('80000933','Roberts','Maddie');
INSERT INTO HR_PEOPLE_ROLES(id, role) VALUES ('80000933','staff');
INSERT INTO HR_PEOPLE(id, surname, givenName) VALUES ('80000934','Johnson','Claire');
INSERT INTO HR_PEOPLE_ROLES(id, role) VALUES ('80000934','community');
INSERT INTO HR_PEOPLE(id, surname, givenName) VALUES ('80000935','Walters','Lisa');
INSERT INTO HR_PEOPLE_ROLES(id, role) VALUES ('80000935','community');
INSERT INTO HR_PEOPLE(id, surname, givenName) VALUES ('80000936','Morrison','Mark');
INSERT INTO HR_PEOPLE_ROLES(id, role) VALUES ('80000936','staff');
INSERT INTO HR_PEOPLE(id, surname, givenName) VALUES ('80000937','Butler','Kim');
INSERT INTO HR_PEOPLE_ROLES(id, role) VALUES ('80000937','student');
INSERT INTO SIS_COURSES (termId, courseId, studentId) VALUES ('201810','HIST101','80000937');
INSERT INTO SIS_COURSES (termId, courseId, studentId) VALUES ('201810','CS251','80000937');
INSERT INTO SIS_COURSES (termId, courseId, studentId) VALUES ('201810','ACCT101','80000937');
INSERT INTO HR_PEOPLE(id, surname, givenName) VALUES ('80000938','Nielson','Jeremy');
INSERT INTO HR_PEOPLE_ROLES(id, role) VALUES ('80000938','staff');
INSERT INTO HR_PEOPLE(id, surname, givenName) VALUES ('80000939','Morrison','Stephanie');
INSERT INTO HR_PEOPLE_ROLES(id, role) VALUES ('80000939','student');
INSERT INTO SIS_COURSES (termId, courseId, studentId) VALUES ('201810','SCI123','80000939');
INSERT INTO HR_PEOPLE(id, surname, givenName) VALUES ('80000940','Doe','Thomas');
INSERT INTO HR_PEOPLE_ROLES(id, role) VALUES ('80000940','community');
INSERT INTO HR_PEOPLE(id, surname, givenName) VALUES ('80000941','Peterson','Olivia');
INSERT INTO HR_PEOPLE(id, surname, givenName) VALUES ('80000942','Martinez','Madison');
INSERT INTO HR_PEOPLE(id, surname, givenName) VALUES ('80000943','Morrison','Ann');
INSERT INTO HR_PEOPLE_ROLES(id, role) VALUES ('80000943','staff');
INSERT INTO HR_PEOPLE_ROLES(id, role) VALUES ('80000943','student');
INSERT INTO SIS_COURSES (termId, courseId, studentId) VALUES ('201810','ENGL201','80000943');
INSERT INTO SIS_COURSES (termId, courseId, studentId) VALUES ('201810','MATH101','80000943');
INSERT INTO SIS_COURSES (termId, courseId, studentId) VALUES ('201810','ACCT101','80000943');
INSERT INTO HR_PEOPLE(id, surname, givenName) VALUES ('80000944','Peterson','Stephanie');
INSERT INTO HR_PEOPLE_ROLES(id, role) VALUES ('80000944','staff');
INSERT INTO HR_PEOPLE_ROLES(id, role) VALUES ('80000944','faculty');
INSERT INTO SIS_COURSES (termId, courseId, studentId) VALUES ('201810','SCI404','80000944');
INSERT INTO SIS_COURSES (termId, courseId, studentId) VALUES ('201810','SCI123','80000944');
INSERT INTO SIS_COURSES (termId, courseId, studentId) VALUES ('201810','ACCT101','80000944');
INSERT INTO SIS_COURSES (termId, courseId, studentId) VALUES ('201810','MATH101','80000944');
INSERT INTO HR_PEOPLE(id, surname, givenName) VALUES ('80000945','Brown','Ava');
INSERT INTO HR_PEOPLE_ROLES(id, role) VALUES ('80000945','faculty');
INSERT INTO SIS_COURSES (termId, courseId, studentId) VALUES ('201810','SCI123','80000945');
INSERT INTO SIS_COURSES (termId, courseId, studentId) VALUES ('201810','ENGL201','80000945');
INSERT INTO SIS_COURSES (termId, courseId, studentId) VALUES ('201810','ENGL102','80000945');
INSERT INTO SIS_COURSES (termId, courseId, studentId) VALUES ('201810','MATH101','80000945');
INSERT INTO HR_PEOPLE(id, surname, givenName) VALUES ('80000946','Johnson','Claire');
INSERT INTO HR_PEOPLE_ROLES(id, role) VALUES ('80000946','community');
INSERT INTO HR_PEOPLE_ROLES(id, role) VALUES ('80000946','student');
INSERT INTO SIS_COURSES (termId, courseId, studentId) VALUES ('201810','ENGL101','80000946');
INSERT INTO SIS_COURSES (termId, courseId, studentId) VALUES ('201810','ENGL201','80000946');
INSERT INTO SIS_COURSES (termId, courseId, studentId) VALUES ('201810','HIST101','80000946');
INSERT INTO SIS_COURSES (termId, courseId, studentId) VALUES ('201810','MATH100','80000946');
INSERT INTO HR_PEOPLE(id, surname, givenName) VALUES ('80000947','Morrison','Kim');
INSERT INTO HR_PEOPLE_ROLES(id, role) VALUES ('80000947','community');
INSERT INTO HR_PEOPLE(id, surname, givenName) VALUES ('80000948','Doe','Heather');
INSERT INTO HR_PEOPLE_ROLES(id, role) VALUES ('80000948','student');
INSERT INTO SIS_COURSES (termId, courseId, studentId) VALUES ('201810','HIST102','80000948');
INSERT INTO SIS_COURSES (termId, courseId, studentId) VALUES ('201810','CS252','80000948');
INSERT INTO SIS_COURSES (termId, courseId, studentId) VALUES ('201810','CS251','80000948');
INSERT INTO SIS_COURSES (termId, courseId, studentId) VALUES ('201810','ENGL102','80000948');
INSERT INTO HR_PEOPLE(id, surname, givenName) VALUES ('80000949','Scott','Kiersten');
INSERT INTO HR_PEOPLE_ROLES(id, role) VALUES ('80000949','student');
INSERT INTO HR_PEOPLE_ROLES(id, role) VALUES ('80000949','staff');
INSERT INTO SIS_COURSES (termId, courseId, studentId) VALUES ('201810','SCI123','80000949');
INSERT INTO SIS_COURSES (termId, courseId, studentId) VALUES ('201810','MATH101','80000949');
INSERT INTO SIS_COURSES (termId, courseId, studentId) VALUES ('201810','CS251','80000949');
INSERT INTO HR_PEOPLE(id, surname, givenName) VALUES ('80000950','Johnson','Michael');
INSERT INTO HR_PEOPLE_ROLES(id, role) VALUES ('80000950','faculty');
INSERT INTO SIS_COURSES (termId, courseId, studentId) VALUES ('201810','ENGL101','80000950');
INSERT INTO SIS_COURSES (termId, courseId, studentId) VALUES ('201810','HIST101','80000950');
INSERT INTO HR_PEOPLE(id, surname, givenName) VALUES ('80000951','Martinez','Nancy');
INSERT INTO HR_PEOPLE_ROLES(id, role) VALUES ('80000951','community');
INSERT INTO HR_PEOPLE_ROLES(id, role) VALUES ('80000951','student');
INSERT INTO SIS_COURSES (termId, courseId, studentId) VALUES ('201810','ENGL101','80000951');
INSERT INTO SIS_COURSES (termId, courseId, studentId) VALUES ('201810','ACCT101','80000951');
INSERT INTO HR_PEOPLE(id, surname, givenName) VALUES ('80000952','Vales','Greg');
INSERT INTO HR_PEOPLE_ROLES(id, role) VALUES ('80000952','student');
INSERT INTO SIS_COURSES (termId, courseId, studentId) VALUES ('201810','SCI123','80000952');
INSERT INTO HR_PEOPLE(id, surname, givenName) VALUES ('80000953','Martinez','Emma');
INSERT INTO HR_PEOPLE_ROLES(id, role) VALUES ('80000953','staff');
INSERT INTO HR_PEOPLE(id, surname, givenName) VALUES ('80000954','White','Karl');
INSERT INTO HR_PEOPLE_ROLES(id, role) VALUES ('80000954','staff');
INSERT INTO HR_PEOPLE_ROLES(id, role) VALUES ('80000954','community');
INSERT INTO HR_PEOPLE(id, surname, givenName) VALUES ('80000955','Roberts','Perry');
INSERT INTO HR_PEOPLE_ROLES(id, role) VALUES ('80000955','faculty');
INSERT INTO SIS_COURSES (termId, courseId, studentId) VALUES ('201810','SCI404','80000955');
INSERT INTO HR_PEOPLE(id, surname, givenName) VALUES ('80000956','Brown','Ann');
INSERT INTO HR_PEOPLE_ROLES(id, role) VALUES ('80000956','student');
INSERT INTO SIS_COURSES (termId, courseId, studentId) VALUES ('201810','HIST101','80000956');
INSERT INTO SIS_COURSES (termId, courseId, studentId) VALUES ('201810','SCI123','80000956');
INSERT INTO SIS_COURSES (termId, courseId, studentId) VALUES ('201810','CS251','80000956');
INSERT INTO SIS_COURSES (termId, courseId, studentId) VALUES ('201810','MATH100','80000956');
INSERT INTO HR_PEOPLE(id, surname, givenName) VALUES ('80000957','Thompson','Steve');
INSERT INTO HR_PEOPLE_ROLES(id, role) VALUES ('80000957','community');
INSERT INTO HR_PEOPLE_ROLES(id, role) VALUES ('80000957','student');
INSERT INTO SIS_COURSES (termId, courseId, studentId) VALUES ('201810','MATH101','80000957');
INSERT INTO SIS_COURSES (termId, courseId, studentId) VALUES ('201810','SCI123','80000957');
INSERT INTO SIS_COURSES (termId, courseId, studentId) VALUES ('201810','CS251','80000957');
INSERT INTO SIS_COURSES (termId, courseId, studentId) VALUES ('201810','MATH100','80000957');
INSERT INTO HR_PEOPLE(id, surname, givenName) VALUES ('80000958','Martinez','Nancy');
INSERT INTO HR_PEOPLE(id, surname, givenName) VALUES ('80000959','Nielson','Karl');
INSERT INTO HR_PEOPLE_ROLES(id, role) VALUES ('80000959','student');
INSERT INTO SIS_COURSES (termId, courseId, studentId) VALUES ('201810','ACCT201','80000959');
INSERT INTO SIS_COURSES (termId, courseId, studentId) VALUES ('201810','ENGL201','80000959');
INSERT INTO SIS_COURSES (termId, courseId, studentId) VALUES ('201810','CS251','80000959');
INSERT INTO HR_PEOPLE(id, surname, givenName) VALUES ('80000960','Anderson','Donna');
INSERT INTO HR_PEOPLE_ROLES(id, role) VALUES ('80000960','community');
INSERT INTO HR_PEOPLE(id, surname, givenName) VALUES ('80000961','Smith','Heather');
INSERT INTO HR_PEOPLE_ROLES(id, role) VALUES ('80000961','staff');
INSERT INTO HR_PEOPLE(id, surname, givenName) VALUES ('80000962','Lewis','Eric');
INSERT INTO HR_PEOPLE_ROLES(id, role) VALUES ('80000962','faculty');
INSERT INTO SIS_COURSES (termId, courseId, studentId) VALUES ('201810','ENGL101','80000962');
INSERT INTO SIS_COURSES (termId, courseId, studentId) VALUES ('201810','ACCT101','80000962');
INSERT INTO SIS_COURSES (termId, courseId, studentId) VALUES ('201810','SCI123','80000962');
INSERT INTO SIS_COURSES (termId, courseId, studentId) VALUES ('201810','ENGL201','80000962');
INSERT INTO HR_PEOPLE(id, surname, givenName) VALUES ('80000963','Langenberg','Karl');
INSERT INTO HR_PEOPLE_ROLES(id, role) VALUES ('80000963','staff');
INSERT INTO HR_PEOPLE(id, surname, givenName) VALUES ('80000964','Smith','Perry');
INSERT INTO HR_PEOPLE_ROLES(id, role) VALUES ('80000964','student');
INSERT INTO SIS_COURSES (termId, courseId, studentId) VALUES ('201810','SCI404','80000964');
INSERT INTO SIS_COURSES (termId, courseId, studentId) VALUES ('201810','SCI123','80000964');
INSERT INTO SIS_COURSES (termId, courseId, studentId) VALUES ('201810','ENGL201','80000964');
INSERT INTO HR_PEOPLE(id, surname, givenName) VALUES ('80000965','Price','Erik');
INSERT INTO HR_PEOPLE_ROLES(id, role) VALUES ('80000965','staff');
INSERT INTO HR_PEOPLE_ROLES(id, role) VALUES ('80000965','faculty');
INSERT INTO SIS_COURSES (termId, courseId, studentId) VALUES ('201810','ENGL201','80000965');
INSERT INTO SIS_COURSES (termId, courseId, studentId) VALUES ('201810','CS252','80000965');
INSERT INTO SIS_COURSES (termId, courseId, studentId) VALUES ('201810','HIST101','80000965');
INSERT INTO SIS_COURSES (termId, courseId, studentId) VALUES ('201810','ACCT101','80000965');
INSERT INTO HR_PEOPLE(id, surname, givenName) VALUES ('80000966','Lopez','Heather');
INSERT INTO HR_PEOPLE(id, surname, givenName) VALUES ('80000967','Grady','Lisa');
INSERT INTO HR_PEOPLE_ROLES(id, role) VALUES ('80000967','community');
INSERT INTO HR_PEOPLE(id, surname, givenName) VALUES ('80000968','Grady','Maddie');
INSERT INTO HR_PEOPLE_ROLES(id, role) VALUES ('80000968','community');
INSERT INTO HR_PEOPLE_ROLES(id, role) VALUES ('80000968','faculty');
INSERT INTO SIS_COURSES (termId, courseId, studentId) VALUES ('201810','SCI123','80000968');
INSERT INTO SIS_COURSES (termId, courseId, studentId) VALUES ('201810','MATH100','80000968');
INSERT INTO SIS_COURSES (termId, courseId, studentId) VALUES ('201810','ENGL101','80000968');
INSERT INTO HR_PEOPLE(id, surname, givenName) VALUES ('80000969','Morrison','Sophia');
INSERT INTO HR_PEOPLE_ROLES(id, role) VALUES ('80000969','staff');
INSERT INTO HR_PEOPLE(id, surname, givenName) VALUES ('80000970','Davis','Jim');
INSERT INTO HR_PEOPLE_ROLES(id, role) VALUES ('80000970','community');
INSERT INTO HR_PEOPLE(id, surname, givenName) VALUES ('80000971','White','Megan');
INSERT INTO HR_PEOPLE_ROLES(id, role) VALUES ('80000971','staff');
INSERT INTO HR_PEOPLE_ROLES(id, role) VALUES ('80000971','student');
INSERT INTO SIS_COURSES (termId, courseId, studentId) VALUES ('201810','CS252','80000971');
INSERT INTO SIS_COURSES (termId, courseId, studentId) VALUES ('201810','CS251','80000971');
INSERT INTO HR_PEOPLE(id, surname, givenName) VALUES ('80000972','Lopez','Adian');
INSERT INTO HR_PEOPLE_ROLES(id, role) VALUES ('80000972','faculty');
INSERT INTO SIS_COURSES (termId, courseId, studentId) VALUES ('201810','SCI404','80000972');
INSERT INTO SIS_COURSES (termId, courseId, studentId) VALUES ('201810','SCI123','80000972');
INSERT INTO HR_PEOPLE(id, surname, givenName) VALUES ('80000973','Grady','Karl');
INSERT INTO HR_PEOPLE_ROLES(id, role) VALUES ('80000973','student');
INSERT INTO HR_PEOPLE_ROLES(id, role) VALUES ('80000973','staff');
INSERT INTO SIS_COURSES (termId, courseId, studentId) VALUES ('201810','MATH100','80000973');
INSERT INTO SIS_COURSES (termId, courseId, studentId) VALUES ('201810','SCI123','80000973');
INSERT INTO HR_PEOPLE(id, surname, givenName) VALUES ('80000974','Anderson','Betty');
INSERT INTO HR_PEOPLE(id, surname, givenName) VALUES ('80000975','Martinez','Olivia');
INSERT INTO HR_PEOPLE_ROLES(id, role) VALUES ('80000975','staff');
INSERT INTO HR_PEOPLE(id, surname, givenName) VALUES ('80000976','Gonazles','Emma');
INSERT INTO HR_PEOPLE(id, surname, givenName) VALUES ('80000977','Peterson','Blake');
INSERT INTO HR_PEOPLE_ROLES(id, role) VALUES ('80000977','community');
INSERT INTO HR_PEOPLE_ROLES(id, role) VALUES ('80000977','student');
INSERT INTO SIS_COURSES (termId, courseId, studentId) VALUES ('201810','CS252','80000977');
INSERT INTO SIS_COURSES (termId, courseId, studentId) VALUES ('201810','ENGL101','80000977');
INSERT INTO SIS_COURSES (termId, courseId, studentId) VALUES ('201810','ACCT201','80000977');
INSERT INTO HR_PEOPLE(id, surname, givenName) VALUES ('80000978','Henderson','Christina');
INSERT INTO HR_PEOPLE_ROLES(id, role) VALUES ('80000978','student');
INSERT INTO SIS_COURSES (termId, courseId, studentId) VALUES ('201810','HIST101','80000978');
INSERT INTO SIS_COURSES (termId, courseId, studentId) VALUES ('201810','MATH101','80000978');
INSERT INTO SIS_COURSES (termId, courseId, studentId) VALUES ('201810','ENGL101','80000978');
INSERT INTO SIS_COURSES (termId, courseId, studentId) VALUES ('201810','ENGL201','80000978');
INSERT INTO HR_PEOPLE(id, surname, givenName) VALUES ('80000979','Martinez','William');
INSERT INTO HR_PEOPLE_ROLES(id, role) VALUES ('80000979','student');
INSERT INTO HR_PEOPLE_ROLES(id, role) VALUES ('80000979','faculty');
INSERT INTO SIS_COURSES (termId, courseId, studentId) VALUES ('201810','SCI123','80000979');
INSERT INTO SIS_COURSES (termId, courseId, studentId) VALUES ('201810','HIST101','80000979');
INSERT INTO HR_PEOPLE(id, surname, givenName) VALUES ('80000980','Gasper','Thomas');
INSERT INTO HR_PEOPLE(id, surname, givenName) VALUES ('80000981','Doe','Paul');
INSERT INTO HR_PEOPLE_ROLES(id, role) VALUES ('80000981','staff');
INSERT INTO HR_PEOPLE_ROLES(id, role) VALUES ('80000981','faculty');
INSERT INTO SIS_COURSES (termId, courseId, studentId) VALUES ('201810','ENGL101','80000981');
INSERT INTO SIS_COURSES (termId, courseId, studentId) VALUES ('201810','SCI404','80000981');
INSERT INTO SIS_COURSES (termId, courseId, studentId) VALUES ('201810','HIST102','80000981');
INSERT INTO SIS_COURSES (termId, courseId, studentId) VALUES ('201810','MATH100','80000981');
INSERT INTO HR_PEOPLE(id, surname, givenName) VALUES ('80000982','White','David');
INSERT INTO HR_PEOPLE_ROLES(id, role) VALUES ('80000982','student');
INSERT INTO SIS_COURSES (termId, courseId, studentId) VALUES ('201810','ACCT101','80000982');
INSERT INTO SIS_COURSES (termId, courseId, studentId) VALUES ('201810','ENGL102','80000982');
INSERT INTO HR_PEOPLE(id, surname, givenName) VALUES ('80000983','Thompson','Anna');
INSERT INTO HR_PEOPLE_ROLES(id, role) VALUES ('80000983','student');
INSERT INTO SIS_COURSES (termId, courseId, studentId) VALUES ('201810','MATH100','80000983');
INSERT INTO SIS_COURSES (termId, courseId, studentId) VALUES ('201810','SCI123','80000983');
INSERT INTO SIS_COURSES (termId, courseId, studentId) VALUES ('201810','CS251','80000983');
INSERT INTO SIS_COURSES (termId, courseId, studentId) VALUES ('201810','ENGL201','80000983');
INSERT INTO HR_PEOPLE(id, surname, givenName) VALUES ('80000984','Lee','Sarah');
INSERT INTO HR_PEOPLE_ROLES(id, role) VALUES ('80000984','student');
INSERT INTO SIS_COURSES (termId, courseId, studentId) VALUES ('201810','SCI123','80000984');
INSERT INTO SIS_COURSES (termId, courseId, studentId) VALUES ('201810','ENGL102','80000984');
INSERT INTO SIS_COURSES (termId, courseId, studentId) VALUES ('201810','CS251','80000984');
INSERT INTO HR_PEOPLE(id, surname, givenName) VALUES ('80000985','Walters','Lexi');
INSERT INTO HR_PEOPLE_ROLES(id, role) VALUES ('80000985','staff');
INSERT INTO HR_PEOPLE(id, surname, givenName) VALUES ('80000986','Johnson','Thomas');
INSERT INTO HR_PEOPLE_ROLES(id, role) VALUES ('80000986','student');
INSERT INTO SIS_COURSES (termId, courseId, studentId) VALUES ('201810','HIST101','80000986');
INSERT INTO SIS_COURSES (termId, courseId, studentId) VALUES ('201810','SCI404','80000986');
INSERT INTO SIS_COURSES (termId, courseId, studentId) VALUES ('201810','ENGL102','80000986');
INSERT INTO HR_PEOPLE(id, surname, givenName) VALUES ('80000987','Lee','Thomas');
INSERT INTO HR_PEOPLE_ROLES(id, role) VALUES ('80000987','community');
INSERT INTO HR_PEOPLE(id, surname, givenName) VALUES ('80000988','Lopez','Emma');
INSERT INTO HR_PEOPLE_ROLES(id, role) VALUES ('80000988','staff');
INSERT INTO HR_PEOPLE(id, surname, givenName) VALUES ('80000989','Thompson','Stephanie');
INSERT INTO HR_PEOPLE_ROLES(id, role) VALUES ('80000989','student');
INSERT INTO SIS_COURSES (termId, courseId, studentId) VALUES ('201810','ENGL102','80000989');
INSERT INTO SIS_COURSES (termId, courseId, studentId) VALUES ('201810','ENGL201','80000989');
INSERT INTO SIS_COURSES (termId, courseId, studentId) VALUES ('201810','ENGL101','80000989');
INSERT INTO SIS_COURSES (termId, courseId, studentId) VALUES ('201810','MATH101','80000989');
INSERT INTO HR_PEOPLE(id, surname, givenName) VALUES ('80000990','Smith','Anna');
INSERT INTO HR_PEOPLE_ROLES(id, role) VALUES ('80000990','community');
INSERT INTO HR_PEOPLE_ROLES(id, role) VALUES ('80000990','staff');
INSERT INTO HR_PEOPLE(id, surname, givenName) VALUES ('80000991','Doe','Nancy');
INSERT INTO HR_PEOPLE_ROLES(id, role) VALUES ('80000991','student');
INSERT INTO SIS_COURSES (termId, courseId, studentId) VALUES ('201810','HIST101','80000991');
INSERT INTO SIS_COURSES (termId, courseId, studentId) VALUES ('201810','ACCT101','80000991');
INSERT INTO HR_PEOPLE(id, surname, givenName) VALUES ('80000992','Martinez','Robert');
INSERT INTO HR_PEOPLE_ROLES(id, role) VALUES ('80000992','faculty');
INSERT INTO HR_PEOPLE_ROLES(id, role) VALUES ('80000992','community');
INSERT INTO SIS_COURSES (termId, courseId, studentId) VALUES ('201810','CS252','80000992');
INSERT INTO SIS_COURSES (termId, courseId, studentId) VALUES ('201810','MATH100','80000992');
INSERT INTO SIS_COURSES (termId, courseId, studentId) VALUES ('201810','SCI404','80000992');
INSERT INTO SIS_COURSES (termId, courseId, studentId) VALUES ('201810','ACCT101','80000992');
INSERT INTO HR_PEOPLE(id, surname, givenName) VALUES ('80000993','Walters','Sophia');
INSERT INTO HR_PEOPLE_ROLES(id, role) VALUES ('80000993','community');
INSERT INTO HR_PEOPLE_ROLES(id, role) VALUES ('80000993','faculty');
INSERT INTO SIS_COURSES (termId, courseId, studentId) VALUES ('201810','ENGL201','80000993');
INSERT INTO HR_PEOPLE(id, surname, givenName) VALUES ('80000994','Vales','Kiersten');
INSERT INTO HR_PEOPLE_ROLES(id, role) VALUES ('80000994','staff');
INSERT INTO HR_PEOPLE_ROLES(id, role) VALUES ('80000994','community');
INSERT INTO HR_PEOPLE(id, surname, givenName) VALUES ('80000995','Lewis','Mary');
INSERT INTO HR_PEOPLE_ROLES(id, role) VALUES ('80000995','staff');
INSERT INTO HR_PEOPLE(id, surname, givenName) VALUES ('80000996','Lopez','Mary');
INSERT INTO HR_PEOPLE_ROLES(id, role) VALUES ('80000996','community');
INSERT INTO HR_PEOPLE(id, surname, givenName) VALUES ('80000997','Davis','Steve');
INSERT INTO HR_PEOPLE(id, surname, givenName) VALUES ('80000998','Davis','Ann');
INSERT INTO HR_PEOPLE_ROLES(id, role) VALUES ('80000998','community');
INSERT INTO HR_PEOPLE_ROLES(id, role) VALUES ('80000998','student');
INSERT INTO SIS_COURSES (termId, courseId, studentId) VALUES ('201810','ENGL102','80000998');
INSERT INTO SIS_COURSES (termId, courseId, studentId) VALUES ('201810','ENGL201','80000998');
INSERT INTO HR_PEOPLE(id, surname, givenName) VALUES ('80000999','Gasper','Christopher');
INSERT INTO HR_PEOPLE_ROLES(id, role) VALUES ('80000999','staff');
INSERT INTO HR_PEOPLE_ROLES(id, role) VALUES ('80000999','community');
INSERT INTO HR_PEOPLE(id, surname, givenName) VALUES ('80001000','Davis','Bill');
INSERT INTO HR_PEOPLE_ROLES(id, role) VALUES ('80001000','community');
